,Player,Team,Position,Age,Matches played,Minutes played,Birth country,Passport country,Successful defensive actions per 90,"Defensive duels won, %",Aerial duels per 90,"Aerial duels won, %",PAdj Sliding tackles,Shots blocked per 90,PAdj Interceptions,Fouls per 90,Assists per 90,Passes per 90,"Accurate passes, %",Forward passes per 90,"Accurate forward passes, %",Back passes per 90,Short / medium passes per 90,Long passes per 90,"Average pass length, m",xA per 90,Shot assists per 90,Key passes per 90,"Accurate passes to final third, %",Passes to penalty area per 90,"Accurate passes to penalty area, %",Through passes per 90,Deep completions per 90,Deep completed crosses per 90,Progressive passes per 90
0,C. Pleidrup,Brøndby,"LCB, LB",20.0,26,2428,Denmark,Denmark,9.05,64.76,1.18,81.48,0.05,0.13,7.61,0.39,0.04,63.54,78.36,31.47,66.67,2.74,51.31,11.14,22.57,0.11,0.74,0.17,57.94,1.52,25.71,0.65,0.17,0.3,15.58
1,F. Olar-Spânu,Fortuna Hjørring,"LWB, LW, LB",36.0,26,2417,Romania,Romania,9.1,67.13,1.79,63.41,0.0,0.09,6.55,0.35,0.13,45.63,70.18,13.52,53.4,10.72,35.96,4.99,19.29,0.2,1.36,0.7,55.17,5.25,40.0,1.88,1.23,1.53,9.28
2,S. Karsberg-Petersen,KoldingQ,LCB,24.0,25,2336,Denmark,Denmark,10.75,71.9,1.23,51.85,0.09,0.5,5.89,0.32,0.05,58.12,83.78,20.45,65.03,2.82,48.64,9.43,22.03,0.03,0.09,0.14,48.12,0.55,16.67,0.73,0.09,0.0,8.56
3,S. Thygesen,KoldingQ,LB,18.0,25,2334,Denmark,Denmark,14.22,60.56,1.87,48.78,0.0,0.27,5.58,1.64,0.14,42.26,66.02,16.0,47.86,4.97,31.91,6.84,21.88,0.08,0.68,0.36,43.88,2.74,38.33,0.87,0.41,1.14,10.85
4,S. Baattrup,KoldingQ,"RW, LW, RAMF",21.0,26,2263,Denmark,Denmark,6.85,70.23,1.1,25.0,0.0,0.05,2.79,0.32,0.18,30.09,75.87,8.26,63.54,6.53,27.95,1.14,15.74,0.14,1.19,0.64,65.43,1.78,51.28,1.19,1.05,0.27,4.75
5,J. Davis,Nordsjælland,"RCB, CB, LCB",34.0,26,2255,United States,United States,10.9,74.26,3.48,63.16,0.34,0.55,7.37,0.32,0.0,62.61,86.54,21.8,71.85,3.3,56.02,6.6,20.81,0.0,0.0,0.0,58.97,0.23,20.0,0.46,0.05,0.0,9.48
6,O. Bergmann,ThistedQ,"RCB, LCB",20.0,26,2181,Denmark,Denmark,13.39,67.73,2.62,41.82,0.11,0.62,6.87,0.67,0.05,56.41,84.38,23.44,71.95,4.43,48.79,7.58,20.66,0.02,0.1,0.05,58.16,0.38,25.0,0.24,0.05,0.05,10.34
7,M. Pokorny,HB Køge,"RW, RAMF, LW",24.0,26,2141,United States,United States,10.1,66.13,1.83,38.89,0.0,0.0,6.78,0.46,0.05,29.9,74.53,7.26,53.85,8.12,25.48,1.68,17.72,0.1,1.07,0.51,58.0,3.25,43.75,0.51,0.91,0.76,5.23
8,C. Fløe,HB Køge,"CF, LAMF, LW",20.0,26,2080,Denmark,Denmark,9.31,64.03,8.22,55.41,0.35,0.16,4.9,1.2,0.26,26.42,66.14,6.49,57.26,6.02,22.92,1.15,16.53,0.18,1.1,0.68,57.45,2.46,46.81,0.89,1.05,0.99,3.82
9,L. Pedersen,HB Køge,LCB,25.0,24,2054,Denmark,Denmark,8.64,64.6,1.51,48.15,0.13,0.34,5.06,0.5,0.0,38.55,76.42,18.68,60.66,2.64,29.01,9.31,23.96,0.02,0.17,0.17,52.76,0.73,30.77,0.45,0.22,0.06,10.49
10,D. Hashemi,Nordsjælland,"CF, LW, AMF",21.0,26,2048,Denmark,Denmark,5.97,66.67,1.68,33.33,0.13,0.05,3.08,0.66,0.0,31.6,73.67,8.07,60.76,7.3,27.98,1.58,19.58,0.13,1.07,0.36,61.45,2.96,36.21,1.12,0.77,0.66,4.54
11,A. Riefner,Nordsjælland,"LB, RWB, LAMF",27.0,23,1909,United States,United States,11.61,62.73,1.42,56.0,0.93,0.17,6.43,1.02,0.0,48.64,74.5,16.67,56.66,9.27,41.25,4.66,18.67,0.07,0.46,0.28,47.62,2.67,44.68,0.91,0.51,1.02,8.7
12,L. Kristensen,ThistedQ,"LCB, RCB",29.0,24,1888,Denmark,Denmark,13.37,70.25,2.22,42.11,0.46,0.7,7.22,0.64,0.0,57.7,85.83,19.97,69.88,3.33,49.88,7.83,21.23,0.03,0.12,0.06,47.3,0.35,66.67,0.41,0.35,0.0,8.29
13,T. Peltonen,Nordsjælland,"DMF, LCB",26.0,21,1865,Finland,Finland,10.47,60.47,2.72,52.94,0.2,0.64,7.63,0.48,0.0,53.84,90.08,16.66,79.81,6.62,50.8,2.99,18.66,0.01,0.05,0.05,74.74,0.43,25.0,0.43,0.16,0.0,5.72
14,I. Obaze,HB Køge,"LB, RB",19.0,20,1863,Denmark,Denmark,11.46,68.18,2.23,42.86,0.21,0.13,6.2,0.76,0.13,35.67,79.11,15.35,70.12,4.71,31.34,3.25,18.49,0.08,0.7,0.19,70.45,1.97,48.39,0.57,0.89,0.25,8.34
15,B. Reed,Nordsjælland,"LCB, RCB",27.0,24,1845,United States,United States,10.11,68.47,2.03,58.82,0.51,0.66,6.32,1.08,0.0,61.71,81.88,26.31,67.27,1.85,52.68,8.97,20.87,0.0,0.0,0.0,51.16,0.78,23.08,0.84,0.18,0.06,11.36
16,A. Johannesen,AGF,"LB, LWB, LCB",25.0,21,1765,Faroe Islands,Faroe Islands,7.89,52.25,1.93,50.0,0.0,0.12,5.29,0.48,0.06,54.12,73.86,24.44,65.27,6.02,47.5,4.52,18.52,0.14,1.44,0.12,61.65,3.25,33.33,1.02,0.36,0.6,13.61
17,S. Svendsen,HB Køge,RCB,20.0,21,1755,Denmark,Denmark,9.55,75.34,0.76,53.85,0.39,0.29,6.75,0.41,0.0,40.89,81.77,17.01,66.44,3.2,32.5,8.33,22.93,0.0,0.0,0.0,51.92,0.35,50.0,0.58,0.17,0.06,8.74
18,S. Riis,KoldingQ,"RCB, CB",22.0,19,1647,Denmark,Denmark,10.05,70.53,2.3,61.9,0.63,0.71,6.1,0.77,0.0,57.16,84.7,22.73,68.03,2.19,49.4,7.76,20.66,0.02,0.11,0.05,45.63,0.66,33.33,0.82,0.33,0.0,8.85
19,L. Frank,Fortuna Hjørring,"LCB, CB, RCB",23.0,20,1643,Denmark,Denmark,7.8,66.29,3.25,57.69,0.16,0.75,5.19,0.25,0.06,78.89,90.35,27.77,79.33,3.37,71.53,7.12,19.67,0.01,0.19,0.06,62.83,0.62,50.0,0.81,0.31,0.12,11.17
20,C. Beck,Brøndby,"LB, LW",25.0,24,1607,Denmark,Denmark,10.42,59.86,1.13,47.37,0.0,0.3,6.79,0.36,0.0,57.61,80.37,20.31,73.18,7.34,52.05,4.32,17.18,0.05,0.47,0.06,75.38,1.66,39.29,0.12,0.71,0.24,13.56
21,S. Laursen,AGF,"RCB, CB",21.0,16,1508,Denmark,Denmark,11.04,72.22,1.91,43.75,0.07,1.01,7.46,0.6,0.0,53.65,78.75,25.96,69.43,2.39,44.46,9.01,21.74,0.01,0.12,0.0,63.81,0.54,11.11,0.12,0.0,0.06,12.83
22,F. Lindhardt,Brøndby,"LW, CF",24.0,26,1498,Denmark,Denmark,10.38,61.65,1.8,44.0,1.37,0.22,4.29,1.51,0.22,38.73,73.93,9.01,63.2,9.88,34.04,1.15,15.53,0.15,1.23,0.58,63.04,3.97,40.0,0.29,0.94,1.3,6.06
23,E. Nøddelund,AaB,RCB,23.0,16,1497,Denmark,Denmark,12.47,65.88,5.88,46.74,0.22,1.41,7.44,0.64,0.0,20.21,68.99,10.75,60.71,1.22,14.2,5.95,23.0,0.03,0.19,0.06,56.86,0.45,28.57,0.32,0.13,0.06,5.88
24,M. Sunde,Brøndby,RCB,21.0,18,1483,Norway,Norway,8.98,71.43,1.68,57.14,0.1,0.56,6.53,0.64,0.0,45.84,80.24,24.28,70.96,3.69,36.71,9.14,22.07,0.0,0.08,0.08,62.5,0.24,33.33,0.24,0.08,0.0,11.86
25,I. Riley,Fortuna Hjørring,"RWB, RB, LW",19.0,24,1458,Australia,Australia,9.16,57.83,0.75,11.11,0.31,0.17,6.17,0.75,0.17,35.55,74.71,8.08,56.7,11.24,31.47,1.58,15.97,0.09,0.33,0.33,50.0,2.16,30.77,0.33,1.0,0.83,5.83
26,T. Fremo,AGF,"RB, RWB, LB",30.0,15,1388,Norway,Norway,7.91,57.29,1.95,36.67,0.94,0.13,4.33,0.45,0.0,39.36,74.96,19.06,69.05,5.12,31.51,6.35,20.48,0.01,0.19,0.19,62.96,1.95,26.67,0.45,0.26,0.32,10.05
27,J. Tavlo-Petersson,Brøndby,"RCB, LCB, RCMF",32.0,14,1314,Denmark,Denmark,9.38,67.05,2.67,56.41,0.0,0.21,6.46,0.68,0.14,62.88,82.79,26.03,73.95,4.79,52.12,10.21,21.79,0.05,0.41,0.48,68.28,1.37,30.0,0.89,0.14,0.41,14.32
28,L. Faurskov,KoldingQ,"LW, CF, LAMF",18.0,22,1312,Denmark,Denmark,7.9,68.48,1.63,20.0,0.0,0.08,2.79,0.33,0.08,19.38,71.85,2.52,41.94,6.68,14.74,1.06,20.76,0.11,0.41,0.41,40.0,2.28,32.14,0.33,0.81,0.73,2.2
29,A. Beard,Fortuna Hjørring,"LCB, LB",24.0,14,1244,Australia,Australia,12.44,65.0,1.95,62.96,1.25,0.07,7.81,0.65,0.07,70.25,80.12,31.47,66.67,5.64,59.4,9.69,20.9,0.12,0.8,0.14,52.34,1.95,18.52,1.88,0.14,0.29,12.95
30,S. Damsgaard,ThistedQ,"LB, LCB",19.0,24,1205,Denmark,Denmark,13.6,65.31,0.92,44.44,0.0,0.92,8.15,0.1,0.0,42.44,68.43,19.64,54.17,3.78,35.28,6.65,18.96,0.0,0.0,0.0,35.59,0.51,20.0,0.82,0.0,0.2,9.82
31,P. Pedersen,AaB,"RAMF, LAMF, LW",21.0,15,1182,Denmark,Denmark,11.02,52.45,2.14,30.77,0.0,0.25,4.1,0.99,0.0,23.69,55.56,7.82,36.84,5.68,18.26,3.7,20.41,0.14,0.58,0.25,37.21,2.55,16.13,1.07,0.49,0.25,5.02
32,J. Hasbo,Harvard Crimson,"LCMF, RCMF, LW",19.0,13,1178,Denmark,Denmark,15.06,74.51,2.35,26.32,0.34,0.25,7.37,1.23,0.0,52.47,76.47,18.02,68.49,8.52,47.78,2.96,16.64,0.05,0.74,0.0,66.67,2.47,50.0,0.62,2.22,0.12,8.02
33,E. Veletanlic,KoldingQ,"RCB, LCB",18.0,17,1170,Denmark,Denmark,10.26,62.5,1.51,40.0,0.0,0.5,5.22,0.5,0.0,46.06,76.2,21.22,60.66,2.51,36.3,9.35,21.92,0.03,0.1,0.1,50.0,0.6,33.33,0.3,0.0,0.1,9.45
34,M. Hansen,KoldingQ,"AMF, LW, LCMF",19.0,20,1137,Denmark,Denmark,9.94,60.4,1.19,38.46,0.75,0.27,3.75,0.91,0.0,24.44,78.36,5.74,60.32,7.84,23.53,0.55,14.39,0.05,0.55,0.27,65.0,0.64,57.14,0.36,0.36,0.27,2.74
35,K. Linnebjerg,Nordsjælland,"LWF, LW, RW",18.0,16,1053,Denmark,Denmark,7.94,58.44,0.71,62.5,0.21,0.0,4.61,0.26,0.09,26.21,86.2,4.32,77.55,8.21,24.97,0.88,16.83,0.02,0.53,0.18,61.11,0.53,33.33,0.18,0.35,0.0,2.21
36,J. Cordia,Fortuna Hjørring,"CB, RWB, RCMF",34.0,14,1046,United States,United States,9.81,66.67,1.81,61.9,0.22,0.17,7.58,0.52,0.17,54.46,82.78,16.78,67.18,5.25,48.53,3.87,18.6,0.18,0.77,0.52,57.89,2.41,39.29,0.17,0.86,0.69,8.26
37,J. McCormick,AGF,"RCB, LCB",27.0,12,1037,Australia,Australia,11.98,66.3,2.52,55.17,1.28,1.13,6.91,0.43,0.0,58.76,85.08,27.51,76.97,2.34,51.73,6.94,19.45,0.01,0.26,0.09,65.69,0.78,55.56,0.69,0.26,0.09,11.72
38,S. Obel,AGF,LCB,24.0,13,1021,Denmark,Denmark,10.23,65.08,2.56,68.97,0.0,0.62,7.4,0.62,0.09,57.91,81.74,26.8,72.7,3.97,50.77,6.88,20.49,0.04,0.18,0.18,61.36,0.97,45.45,0.53,0.35,0.18,11.81
39,F. Winther,KoldingQ,"RB, RCB",20.0,15,1005,Denmark,Denmark,11.66,57.58,1.38,57.14,0.0,0.49,6.42,1.09,0.1,52.36,81.32,16.7,66.86,9.09,46.23,5.14,18.49,0.03,0.3,0.2,55.38,1.88,36.84,1.48,0.4,0.4,8.79
40,J. Haugaard,AaB,"LCB, LDMF",,14,987,Denmark,Denmark,12.95,58.54,2.1,47.83,0.73,0.91,6.85,1.19,0.0,19.42,56.34,11.58,46.46,1.28,13.5,5.93,22.95,0.0,0.18,0.0,28.57,0.18,0.0,0.0,0.09,0.0,5.29
41,J. Nystrup,ThistedQ,LB,19.0,16,984,Denmark,Denmark,10.85,52.34,0.78,50.0,0.33,0.48,5.87,0.29,0.0,45.73,73.94,20.25,62.2,5.62,40.59,4.26,17.78,0.01,0.1,0.0,54.76,1.07,27.27,0.0,0.29,0.29,10.75
42,V. Bruce,SC Sand,"LB, LCB, CB",27.0,11,964,United States,United States,15.71,70.59,3.18,53.33,0.23,0.64,11.4,0.21,0.0,65.38,81.49,26.32,62.1,6.58,56.46,8.92,18.98,0.0,0.0,0.0,56.52,0.0,0.0,0.0,0.0,0.0,11.67
43,M. Rylov,Brøndby,"RW, LW, RAMF",18.0,19,947,Denmark,Denmark,11.7,62.37,1.81,42.11,0.11,0.0,7.25,0.76,0.0,32.82,73.33,7.52,58.23,9.61,28.83,1.52,15.2,0.06,0.86,0.29,47.37,2.28,37.5,0.48,0.38,0.67,4.28
44,U. Linde,AaB,"LAMF, RAMF",,14,930,Denmark,Denmark,9.0,51.65,1.45,33.33,0.0,0.0,3.82,0.39,0.1,19.65,54.19,6.0,40.32,3.58,15.77,1.06,17.53,0.04,0.29,0.19,64.0,3.19,36.36,0.29,0.58,0.77,4.74
45,M. Nielsen,HB Køge,"RCB, LCB",22.0,14,929,Denmark,Denmark,10.45,71.15,2.65,47.37,1.03,0.14,5.52,0.7,0.0,45.56,79.82,20.48,63.95,2.79,34.27,11.28,24.83,0.0,0.14,0.0,50.0,0.42,33.33,0.42,0.14,0.0,10.03
46,V. Andersen,ThistedQ,"LW, LAMF",,13,923,Denmark,Denmark,10.43,68.87,1.46,20.0,0.0,0.0,3.75,0.59,0.0,23.79,68.85,7.51,57.14,3.71,20.57,2.24,16.56,0.06,0.39,0.2,57.14,1.85,31.58,0.78,0.49,0.1,4.0
47,M. Lee,Nordsjælland,"RW, RWF, LW",25.0,12,912,United States,United States,6.02,58.62,2.57,38.46,0.11,0.0,2.99,0.89,0.3,33.85,75.51,5.63,52.63,11.94,27.83,1.38,17.5,0.15,0.99,0.69,58.82,3.36,38.24,0.79,0.39,1.58,3.65
48,M. Ficzay,Fortuna Hjørring,RCB,30.0,12,903,Romania,Romania,7.08,60.42,2.29,52.17,0.0,0.4,5.83,0.6,0.0,60.9,87.56,23.12,74.57,2.29,54.22,6.58,18.66,0.0,0.0,0.0,59.62,0.5,20.0,0.5,0.1,0.0,10.66
49,L. Harkes,AaB,"LCB, LCMF, LDMF",24.0,13,889,United States,United States,11.34,63.08,4.05,57.5,0.09,1.21,6.33,0.61,0.0,23.08,63.16,13.46,54.14,1.11,18.73,4.15,17.69,0.02,0.3,0.1,48.28,0.4,75.0,0.3,0.51,0.1,6.58
50,A. Pierre-Louis,AaB,LB,26.0,12,869,Canada,Canada,10.98,47.57,1.97,47.37,0.36,0.21,4.83,1.35,0.1,22.47,47.47,14.29,35.51,1.14,14.4,7.15,25.26,0.05,0.41,0.1,22.0,1.55,20.0,1.24,0.1,0.21,7.04
51,E. Garnier,Napoli,RCB,25.0,11,859,United States,United States,,,,,0.0,,4.24,,,,,,,,,,19.29,,,,,,,,,,
52,M. Thomsen,Lazio,"LCB, LB",22.0,10,850,Denmark,Denmark,,,,,0.26,,4.21,,,,,,,,,,19.33,,,,,,,,,,
53,C. Larsen,Nordsjælland,"LCMF, LW, RW",20.0,18,811,Denmark,Denmark,11.22,61.97,2.24,47.06,0.5,0.13,6.37,1.06,0.0,33.91,68.09,9.11,49.28,5.67,28.37,4.62,18.84,0.04,0.53,0.0,57.69,1.45,18.18,1.19,0.4,0.13,6.47
54,N. Søderberg,ThistedQ,"LB, RB, RCB",23.0,11,725,Denmark,Denmark,17.42,52.11,1.45,57.14,1.31,0.21,8.98,0.83,0.21,40.65,60.2,24.26,52.14,3.32,30.07,7.88,19.32,0.03,0.21,0.21,54.17,2.7,30.77,0.62,0.41,1.45,14.52
55,M. Yde Hedegaard,ThistedQ,"LW, LAMF, CF",18.0,23,719,Denmark,Denmark,7.25,54.9,3.4,30.43,0.0,0.0,3.5,0.3,0.0,23.54,64.15,6.37,51.16,6.07,21.91,1.18,18.06,0.0,0.15,0.0,47.37,0.44,0.0,0.3,0.3,0.0,4.29
56,M. Kildemoes,Brøndby,LCB,25.0,10,717,Denmark,Denmark,,,,,1.01,,3.71,,,,,,,,,,19.34,,,,,,,,,,
57,L. Niklasson,UMASS Lowell River Hawks,"RW, LW, RAMF",21.0,11,688,Denmark,Denmark,11.74,61.7,1.96,22.22,0.0,0.0,5.95,0.87,0.0,24.57,62.83,6.3,62.07,5.22,18.7,0.87,21.13,0.23,0.87,0.87,20.0,3.7,58.82,0.22,1.09,1.96,6.3
58,M. Henriksen,KoldingQ,"RB, LB",18.0,12,618,Denmark,Denmark,12.82,63.29,1.75,66.67,0.0,0.29,6.26,0.73,0.0,39.17,76.21,16.75,64.35,5.39,35.24,3.06,17.51,0.04,0.73,0.15,74.29,1.17,37.5,0.44,0.44,0.29,10.05
59,C. Jensen,AGF,"LWF, LW, AMF",22.0,14,587,Denmark,Denmark,9.66,68.75,1.53,30.0,0.0,0.15,3.5,1.07,0.15,30.05,66.84,7.97,46.15,8.13,24.07,1.99,18.1,0.19,0.92,0.61,33.33,3.83,28.0,1.23,0.15,1.69,5.67
60,S. Markvardsen,HB Køge,"LW, LB, LAMF",18.0,12,561,Denmark,Denmark,12.03,57.58,2.73,41.18,0.39,0.16,6.91,0.48,0.16,35.45,67.87,11.87,54.05,8.02,26.47,3.85,20.29,0.24,1.76,0.96,66.67,4.97,38.71,0.96,0.8,2.09,10.59
61,L. Lundbo Jørgensen,AaB,"LDMF, RCMF, LCB",,15,553,Denmark,Denmark,12.83,43.27,1.75,66.67,0.0,0.19,3.5,4.47,0.0,26.63,59.85,10.89,30.36,3.69,21.58,5.05,20.36,0.0,0.19,0.0,15.38,0.78,25.0,0.39,0.19,0.0,4.67
62,B. Folds,Real Betis,"LCMF, LW",23.0,9,499,United States,United States,,,,,0.0,,6.52,,,,,,,,,,15.77,,,,,,,,,,
63,L. Christensen,,"LW, LAMF",22.0,11,499,Denmark,Denmark,,,,,0.0,,3.45,,,,,,,,,,14.75,,,,,,,,,,
0,S. Tuomala,Ilves,LCB,20.0,24,2273,Finland,Finland,9.4,62.86,1.15,46.43,0.68,0.62,5.23,0.33,0.04,50.3,78.44,25.44,63.86,2.35,38.26,11.91,24.53,0.05,0.45,0.08,47.89,0.91,27.27,1.07,0.41,0.04,11.34
1,J. Haikonen,HPS,LB,21.0,24,2251,Finland,Finland,12.08,62.75,1.04,48.0,0.04,0.29,5.82,0.67,0.0,34.57,69.28,13.45,55.73,4.12,30.78,3.0,19.58,0.05,0.62,0.12,53.15,1.37,42.42,0.62,0.25,0.25,8.91
2,A. Westerlund,Åland United,"RCB, LCB, CB",32.0,23,2201,Finland,Finland,9.45,68.64,2.25,65.45,0.33,1.1,6.66,0.45,0.0,64.2,84.9,29.2,73.25,1.88,50.3,13.74,24.18,0.04,0.2,0.12,55.15,1.35,30.3,1.51,0.45,0.08,13.0
3,A. Miettunen,Åland United,"LB, RB",24.0,23,2189,Finland,Finland,7.77,63.95,0.86,52.38,0.23,0.16,4.21,0.12,0.16,37.7,79.93,11.47,53.76,10.03,30.1,5.06,19.96,0.26,1.19,0.37,49.53,2.84,49.28,0.66,0.37,1.52,7.32
4,L. Nora,TiPS,"CB, RCB",19.0,23,2179,Finland,Finland,8.42,61.64,1.4,51.61,0.0,0.14,5.57,0.81,0.0,54.3,84.33,19.31,66.67,3.24,45.97,8.28,23.86,0.0,0.09,0.05,55.75,0.95,23.81,0.99,0.18,0.0,10.4
5,J. Tynnilä,TiPS,LCB,20.0,23,2179,Finland,Finland,8.64,71.43,2.52,57.14,0.06,0.5,4.66,0.45,0.09,71.0,86.49,28.81,76.72,3.96,62.09,8.19,21.3,0.04,0.5,0.23,70.1,1.62,33.33,0.99,0.77,0.18,13.15
6,M. Roth,HJK,"CB, LCB",24.0,23,2167,Finland,Finland,7.58,75.0,1.17,51.85,0.61,0.3,5.23,0.26,0.04,56.03,85.23,20.89,71.37,3.64,46.15,9.62,22.06,0.04,0.3,0.04,58.45,1.21,39.29,0.56,0.39,0.09,10.66
7,M. Nurmela,HJK,"RCB, RB",25.0,23,2141,Finland,Finland,9.0,76.98,1.58,47.22,0.06,0.26,5.38,0.31,0.04,56.91,79.72,25.01,66.67,4.21,44.89,10.75,21.93,0.05,0.44,0.26,60.53,2.5,49.12,0.44,0.61,0.66,13.69
8,V. Lamberg,JyPK,LCB,18.0,23,2133,Finland,Finland,11.07,65.44,0.92,65.0,0.0,1.52,7.11,0.83,0.0,43.37,81.78,18.1,67.26,3.26,36.71,6.62,21.51,0.0,0.0,0.0,46.48,0.18,25.0,0.18,0.05,0.0,8.32
9,J. Topra,TiPS,"LWB, LB",20.0,23,2129,Finland,Finland,8.85,67.72,1.2,50.0,0.0,0.32,4.95,0.37,0.14,49.29,83.72,11.85,68.87,13.92,45.09,2.03,17.0,0.17,1.2,0.32,69.14,3.18,44.93,0.69,1.15,0.78,7.1
10,L. Torpo,JyPK,RCB,22.0,23,2077,Finland,Finland,13.05,66.0,1.8,65.79,0.19,1.52,8.09,0.33,0.0,48.49,75.73,23.01,61.44,2.75,37.91,10.58,22.8,0.0,0.05,0.0,45.31,0.52,9.09,0.38,0.09,0.0,12.24
11,N. Ruuskanen,KuPS,RCB,20.0,22,2069,Finland,Finland,6.26,84.52,2.26,53.85,0.12,0.3,4.14,0.3,0.04,66.12,88.16,21.84,71.12,2.39,56.68,9.35,20.48,0.0,0.13,0.04,66.34,0.7,25.0,0.87,0.13,0.04,9.96
12,J. Forss,PK-35,"RCB, LCB, CB",23.0,23,2064,Finland,Finland,9.64,61.31,0.92,85.71,0.04,0.65,6.03,0.48,0.0,38.37,76.36,17.49,58.85,1.74,29.74,8.63,24.2,0.03,0.22,0.0,45.24,0.52,16.67,0.48,0.09,0.0,8.24
13,R. Toivanen,PK-35 Vantaa,LCB,23.0,22,2053,Finland,Finland,10.96,78.95,2.16,64.44,0.37,0.62,9.0,0.19,0.1,68.52,81.63,30.22,69.0,3.03,51.32,16.82,24.05,0.03,0.29,0.05,59.66,2.07,25.58,1.06,0.48,0.24,15.9
14,W. Forsblom,PK-35 Vantaa,"RAMF, LW, RW",18.0,23,2036,Finland,Finland,8.07,75.0,0.68,50.0,0.24,0.0,4.23,0.29,0.34,25.94,76.35,6.67,61.59,7.54,23.09,1.64,16.48,0.17,1.55,0.53,59.65,2.51,46.15,0.58,0.77,0.48,3.72
15,P. Raadik,Åland United,"RB, LB, RCB",34.0,22,2035,Estonia,Estonia,9.2,65.7,1.95,61.36,0.35,0.27,4.34,0.71,0.04,43.12,80.31,19.33,67.51,2.87,37.37,5.09,19.83,0.03,0.35,0.18,58.9,1.15,34.62,0.31,0.18,0.18,8.8
16,A. Nurmi,TiPS,"RCB, RB, RAMF",24.0,22,2010,Finland,Finland,11.5,65.64,2.41,63.27,0.0,0.15,6.5,1.03,0.1,49.69,82.79,19.07,76.29,5.85,44.34,3.78,18.82,0.09,0.64,0.44,73.44,2.16,50.0,0.44,0.64,0.69,9.63
17,S. Ojanen,Åland United,"LCB, RCB",21.0,21,2007,Finland,Finland,7.98,72.57,1.61,50.0,0.0,0.58,4.84,0.36,0.13,54.57,85.29,23.32,72.88,2.33,46.73,7.71,21.78,0.05,0.27,0.22,61.14,0.76,11.76,0.94,0.13,0.0,10.94
18,A. Olmala,PK-35 Vantaa,RCB,22.0,23,1977,Finland,Finland,8.87,78.63,0.94,52.63,0.06,0.15,5.43,0.59,0.0,63.38,87.87,23.51,77.78,4.58,56.63,6.56,19.2,0.01,0.2,0.0,68.46,0.84,47.06,0.3,0.35,0.0,9.51
19,G. Cuevas,KuPS,LCB,28.0,21,1942,United States,United States,8.11,75.91,3.01,61.54,0.18,0.56,4.16,0.09,0.0,69.15,88.0,27.3,76.57,3.15,60.57,8.3,20.74,0.02,0.23,0.05,69.86,1.02,36.36,0.65,0.28,0.14,13.53
20,D. Leskinen,Åland United,"LW, LWF, RAMF",20.0,22,1918,Finland,Finland,4.69,65.06,0.52,18.18,0.11,0.19,2.36,0.52,0.05,28.58,73.4,5.4,54.78,5.63,21.49,2.58,19.63,0.17,1.08,0.61,54.1,3.99,42.35,1.03,0.89,1.92,3.94
21,M. Talka,PK-35,"CF, LW, RW",,21,1913,Finland,Finland,5.33,71.88,2.91,42.37,0.0,0.15,1.94,0.44,0.15,24.44,72.53,5.78,49.57,7.6,22.41,0.99,15.18,0.14,0.89,0.39,35.85,1.97,37.5,0.79,0.59,0.39,2.47
22,H. Vapola,HPS,"RB, LCB",19.0,21,1909,Finland,Finland,11.03,60.11,0.35,42.86,0.0,0.3,5.77,0.15,0.0,42.01,79.27,18.5,66.04,3.56,36.17,5.54,20.37,0.01,0.1,0.0,58.42,0.64,38.46,0.84,0.3,0.1,9.1
23,S. Tuominen,Ilves,"LW, CF, AMF",22.0,24,1898,Finland,Finland,9.96,62.44,2.34,23.4,0.0,0.0,3.95,0.85,0.15,25.84,67.82,8.21,51.52,5.97,22.65,1.64,16.66,0.12,1.05,0.6,40.0,3.43,42.03,2.14,1.24,0.55,4.18
24,S. Lappalainen,Honka,"LCMF, RCB",22.0,22,1892,Finland,Finland,13.87,69.76,2.53,48.98,0.0,0.67,7.76,0.77,0.0,40.88,84.74,11.8,71.18,6.13,39.12,1.7,19.52,0.01,0.15,0.1,77.68,0.46,33.33,0.36,0.1,0.05,7.99
25,D. Sandås,Honka,"LCB, CB",19.0,21,1837,Finland,Finland,6.3,67.78,1.63,56.67,0.0,0.22,3.6,0.27,0.0,58.01,87.92,18.96,73.35,2.66,53.5,4.45,19.94,0.02,0.11,0.05,61.96,0.22,25.0,0.33,0.0,0.05,8.31
26,H. Rinkinen,JyPK,"RB, RW, LB",21.0,20,1837,Finland,Finland,9.29,62.78,0.98,50.0,0.0,0.16,3.2,1.19,0.0,26.23,68.32,8.91,54.27,3.96,22.05,3.26,20.33,0.04,0.38,0.22,53.13,1.47,40.74,0.43,0.22,0.33,5.38
27,I. Kaivola,Honka,"LB, RB, RCB",22.0,21,1782,Finland,Finland,6.54,65.69,0.64,66.67,0.0,0.27,3.54,0.21,0.0,52.13,82.55,21.7,70.34,4.73,42.82,8.94,22.2,0.01,0.21,0.11,51.97,1.44,25.93,0.74,0.11,0.11,10.85
28,E. Vesaniemi,Ilves,"LB, LWB",26.0,23,1758,Finland,Finland,11.28,64.42,0.97,72.22,0.06,0.22,5.91,0.59,0.05,34.42,80.25,10.52,63.08,6.96,31.13,2.21,20.59,0.0,0.16,0.11,58.33,1.24,26.09,0.22,0.05,0.27,6.31
29,E. Lahtela,JyPK,"LB, RB",,23,1751,Finland,Finland,10.47,55.76,1.53,48.15,0.18,0.62,5.28,0.79,0.0,27.0,72.33,9.91,59.43,6.0,24.0,2.6,18.23,0.01,0.17,0.06,44.74,0.96,29.41,0.4,0.17,0.06,5.38
30,J. Bergius,PK-35,"LB, LCB",23.0,22,1738,Finland,Finland,12.18,69.46,1.42,53.85,0.05,0.11,5.77,0.71,0.0,37.74,68.89,16.38,56.0,4.31,32.06,4.86,18.94,0.02,0.16,0.05,48.1,1.31,29.17,0.44,0.27,0.22,8.74
31,L. Begolli,KuPS,"LWF, CF, LAMF",28.0,23,1721,Albania,Albania,9.36,60.9,3.29,44.44,0.57,0.16,5.44,1.52,0.37,32.11,72.15,8.99,61.63,7.11,27.72,2.61,17.76,0.27,2.41,1.1,58.02,4.71,52.22,2.41,2.46,0.68,6.12
32,P. Kämppi,HPS,"CF, LW, LAMF",30.0,22,1698,Finland,Finland,5.64,60.33,1.08,15.0,0.11,0.11,1.65,0.92,0.0,19.19,59.89,4.93,40.66,5.37,16.75,0.98,16.9,0.01,0.38,0.11,34.15,1.08,15.0,0.43,0.11,0.22,2.33
33,T. Savolainen,Honka,"RW, LW, LWB",24.0,23,1671,Finland,Finland,12.68,63.51,1.57,33.33,0.07,0.06,5.76,1.4,0.06,27.58,70.68,6.92,48.74,6.98,23.1,1.8,18.36,0.1,0.47,0.29,47.22,2.44,42.86,0.47,0.76,0.81,5.41
34,I. Hiltunen,PK-35,"LB, LCB, RB",,21,1615,Finland,Finland,7.58,62.07,0.5,44.44,0.0,0.11,3.43,0.11,0.0,41.46,77.02,18.0,65.94,3.79,35.11,5.35,19.97,0.01,0.17,0.11,51.28,1.56,25.0,0.39,0.22,0.33,8.64
35,E. Hämäläinen,HPS,"LCB, RCB, CB",21.0,20,1557,Finland,Finland,10.93,66.15,1.49,68.0,0.18,0.48,5.8,0.53,0.0,41.11,76.88,16.46,58.12,3.5,33.74,7.37,22.4,0.02,0.12,0.06,41.18,0.53,33.33,0.65,0.3,0.0,8.38
36,L. Kölhi,PK-35 Vantaa,LB,22.0,21,1554,Finland,Finland,9.96,72.66,0.86,50.0,0.0,0.06,5.39,0.68,0.0,37.44,79.64,11.74,69.11,6.7,32.4,3.01,19.07,0.06,0.61,0.37,60.27,2.77,55.56,0.37,0.43,0.98,7.44
37,N. Hämäläinen,Ilves,"RB, LB",19.0,22,1550,Finland,Finland,8.14,62.24,0.37,50.0,0.0,0.31,4.55,0.18,0.0,36.49,76.35,12.51,65.02,4.81,32.05,3.27,18.47,0.0,0.06,0.0,64.79,1.66,33.33,0.68,0.18,0.37,8.51
38,E. Aristodimou,JyPK,"LW, LCMF, RCMF",19.0,22,1518,Cyprus,Cyprus,6.99,55.08,1.02,25.0,0.0,0.06,2.9,0.57,0.0,21.98,64.74,7.24,49.12,4.83,19.56,1.71,16.76,0.03,0.38,0.06,64.44,1.46,26.09,0.57,0.38,0.13,4.51
39,P. Saarilahti,Ilves,"RW, LWF, LW",22.0,22,1488,Finland,Finland,5.96,58.82,1.65,38.46,0.0,0.06,2.2,0.76,0.19,26.83,69.74,6.72,55.66,7.17,22.96,2.54,18.12,0.1,0.51,0.44,54.17,2.22,31.43,1.14,0.57,0.44,4.76
40,R. Suomela,PK-35 Vantaa,"RAMF, RW, LW",23.0,20,1469,Finland,Finland,10.45,66.89,1.61,40.0,0.17,0.0,4.9,0.84,0.19,21.16,70.73,4.84,54.67,7.23,18.9,0.52,14.55,0.11,0.71,0.39,55.0,1.55,20.83,0.39,1.1,0.13,2.19
41,A. Wiksten,PK-35,"LCB, LCMF, DMF",23.0,20,1334,Finland,Finland,10.27,69.17,1.23,52.94,0.0,0.29,4.54,0.14,0.0,37.19,84.05,15.7,74.65,4.05,34.0,3.04,17.86,0.01,0.29,0.0,77.08,0.58,25.0,0.51,0.22,0.0,5.86
42,N. Silvola,HPS,"RCB, RB",20.0,16,1289,Finland,Finland,11.31,61.03,1.68,66.67,0.0,0.56,5.71,0.0,0.0,40.22,82.12,13.48,62.69,5.45,35.33,4.75,19.65,0.0,0.0,0.0,51.02,0.42,16.67,0.42,0.07,0.0,6.91
43,V. Oksanen,PK-35,"RCB, LCB",21.0,14,1286,Finland,Finland,10.64,69.57,1.19,64.71,0.34,0.14,4.59,0.77,0.0,47.87,82.75,20.58,69.39,2.52,40.66,7.07,19.58,0.04,0.28,0.07,54.17,0.63,33.33,0.63,0.21,0.07,8.4
44,E. Kupsanen,PK-35,LW,,21,1260,Finland,Finland,7.91,53.91,0.5,14.29,0.0,0.0,2.87,0.29,0.07,27.46,68.85,7.12,57.58,5.54,24.8,1.51,15.77,0.11,1.22,0.22,45.45,1.65,52.17,0.65,0.58,0.43,4.74
45,L. Kattelus,Ilves,"RCB, LB",28.0,13,1245,Finland,Finland,12.14,62.28,2.39,39.39,0.07,0.65,6.92,1.01,0.0,47.13,85.28,17.93,71.37,3.83,41.13,5.78,20.11,0.0,0.14,0.0,51.02,0.65,33.33,0.43,0.07,0.07,7.16
46,E. Kainulainen,TiPS,"CF, LAMF, LW",21.0,15,1242,Finland,Finland,7.04,71.64,0.93,16.67,1.02,0.08,2.96,1.08,0.23,26.93,76.15,5.34,72.46,10.14,24.3,0.54,15.19,0.14,1.24,0.39,72.0,2.48,37.5,0.7,1.01,0.39,2.71
47,N. Yang,Honka,"LB, LCB",20.0,13,1227,Finland,Finland,10.37,71.05,0.95,58.33,0.1,0.08,5.12,0.4,0.16,63.56,81.82,25.65,67.9,6.25,54.78,7.36,21.17,0.04,0.63,0.4,67.16,2.69,29.41,1.03,0.47,0.71,13.93
48,L. Ruutu,HJK,"LCMF, CB, RCMF",31.0,21,1227,Spain,"Spain, Finland",5.06,72.92,0.07,0.0,0.0,0.0,3.2,0.0,0.0,53.4,89.01,14.08,72.92,6.67,48.26,4.84,18.98,0.02,0.59,0.22,72.34,1.39,31.58,0.59,0.59,0.07,7.11
49,V. Hakala,HJK,"LWF, LW, CF",25.0,22,1226,Finland,Finland,5.39,61.33,0.82,18.18,0.19,0.0,2.29,0.82,0.0,20.07,79.1,4.04,57.41,6.59,18.27,0.75,15.6,0.02,0.67,0.15,79.17,0.6,50.0,0.15,0.22,0.15,2.85
50,H. Halomo,HPS,"LW, LAMF",19.0,19,1189,Finland,Finland,7.12,61.25,0.82,20.0,0.09,0.0,3.21,0.41,0.16,23.34,62.81,6.47,36.71,6.39,20.47,1.47,17.93,0.24,1.23,0.41,48.78,2.54,35.48,1.39,1.15,0.33,4.83
51,E. Pesonen,HPS,"RCB, LCB",20.0,16,1188,Finland,Finland,9.47,65.93,1.29,52.94,0.0,0.45,5.59,0.3,0.0,52.5,81.67,20.68,63.74,2.8,43.64,8.64,23.18,0.0,0.0,0.0,50.0,0.83,9.09,0.61,0.0,0.08,10.3
52,T. Jakubowski,KuPS,LB,23.0,13,1187,USA,USA,10.16,70.0,1.67,50.0,0.31,0.08,4.9,0.61,0.08,41.85,76.63,11.83,58.33,9.02,34.12,3.34,18.9,0.17,1.52,0.68,55.0,4.7,40.32,1.36,1.14,1.74,8.34
53,F. Lindholm,JyPK,"LW, LB, RW",19.0,19,1152,Finland,Finland,9.9,51.75,0.59,28.57,0.0,0.34,4.99,0.51,0.08,28.08,65.96,9.73,53.04,5.92,24.45,2.28,17.54,0.14,0.59,0.34,45.95,1.27,40.0,0.34,0.25,0.42,6.94
54,S. Laine,Ilves,"RB, RWB, LW",18.0,17,1131,Finland,Finland,8.76,50.88,0.57,28.57,0.0,0.24,4.07,0.32,0.08,25.86,60.82,9.97,47.97,3.81,19.86,2.68,18.84,0.16,0.89,0.73,34.15,2.68,51.52,0.16,0.65,1.22,6.81
55,E. Burton,HJK,"LCB, LB",19.0,15,1120,Finland,Finland,10.92,67.05,0.35,25.0,0.11,0.17,6.87,0.35,0.0,45.61,88.51,15.29,79.43,4.81,43.43,2.01,19.93,0.01,0.17,0.0,75.0,0.17,0.0,0.17,0.17,0.0,6.2
56,A. Hartikainen,KuPS,"LWF, LB",18.0,18,1033,Finland,Finland,7.84,57.89,1.48,35.29,0.0,0.0,4.22,0.96,0.44,33.63,78.76,6.88,62.03,8.89,28.84,2.18,17.4,0.14,1.48,0.78,66.67,2.35,55.56,0.35,0.87,1.39,6.01
57,T. Painilainen,PK-35 Vantaa,"RB, LB, RAMF",25.0,14,1016,Finland,Finland,4.92,67.5,0.82,66.67,0.0,0.0,3.02,0.27,0.18,45.41,75.1,16.5,60.22,7.11,35.84,6.11,19.79,0.06,0.64,0.36,56.92,4.38,52.08,0.82,0.82,1.55,10.03
58,N. Lehtola,HJK,"LWB, RB, LB",23.0,13,1005,Finland,Finland,8.69,62.2,0.63,57.14,0.0,0.09,4.79,0.36,0.09,41.37,73.81,14.06,63.69,6.9,34.12,3.49,20.12,0.16,1.34,0.72,55.22,3.76,47.62,0.81,0.45,1.79,10.12
59,R. Kindstedt,Honka,"RB, LCB, RCB",24.0,14,964,Finland,Finland,11.53,67.16,2.27,36.36,0.35,0.51,7.38,0.0,0.0,48.19,82.48,18.02,70.29,4.63,43.35,4.32,20.32,0.0,0.21,0.1,60.0,0.93,33.33,0.21,0.31,0.41,10.92
60,R. Lilja,JyPK,"RW, LW",19.0,14,942,Finland,Finland,6.23,64.29,0.63,33.33,0.0,0.11,2.46,0.21,0.11,24.61,69.1,5.81,61.82,3.49,21.65,0.95,16.99,0.08,0.95,0.11,76.19,2.54,37.5,0.63,0.53,0.74,4.86
61,A. Vuorinen,Virginia Tech Hokies,"LW, AMF, RWB",19.0,12,927,Finland,Finland,8.36,69.12,0.1,0.0,0.0,0.0,4.55,0.2,0.0,40.57,75.38,8.15,52.5,11.72,37.92,0.92,18.41,0.05,0.61,0.41,55.56,3.77,40.54,1.22,0.92,0.71,5.4
62,T. Hirvonen,JyPK,"RW, LCMF, LAMF",,13,925,Finland,Finland,6.71,49.28,0.58,16.67,1.08,0.0,2.35,0.97,0.0,29.38,79.8,6.13,61.9,7.98,26.17,2.34,19.03,0.04,0.29,0.19,65.52,1.26,30.77,0.29,0.19,0.29,3.89
63,L. Pankratz,HJK,"LW, LWB, LWF",31.0,11,915,Germany,Germany,12.08,74.7,2.97,42.86,0.14,0.0,7.12,0.42,0.21,37.84,70.03,13.89,58.78,7.53,32.65,1.27,17.06,0.16,1.06,0.64,54.76,4.98,53.19,0.64,0.95,1.48,8.06
64,H. Toivonen,Honka,"RB, LCB, RW",,11,874,Finland,Finland,8.15,77.5,2.18,73.68,0.88,0.34,5.0,0.57,0.0,44.54,86.08,14.46,73.02,5.28,39.38,3.79,21.39,0.07,0.57,0.34,67.35,1.95,52.94,0.34,0.34,0.92,8.61
65,S. Hartikainen,KuPS,"LB, RB",21.0,15,814,Finland,Finland,10.44,52.0,0.87,42.86,0.43,0.5,5.97,1.37,0.12,27.1,65.6,13.3,53.27,2.86,19.27,6.46,19.69,0.08,0.75,0.37,35.14,1.86,46.67,0.62,0.37,0.75,8.08
66,E. Andberg,HPS,"CF, AMF, LW",27.0,21,791,Finland,Finland,3.19,42.42,1.71,33.33,0.0,0.0,1.65,0.57,0.23,12.86,65.49,3.3,41.38,4.1,11.72,0.46,17.46,0.11,0.91,0.23,42.11,1.48,46.15,1.02,0.8,0.0,1.82
67,L. Hillberg,HJK,"RCB, LCB",18.0,10,789,Finland,Finland,9.18,70.91,1.59,23.08,0.16,0.0,5.47,0.12,0.0,53.39,87.39,18.12,76.35,6.98,49.59,3.06,17.91,0.01,0.24,0.12,80.85,1.22,40.0,0.24,0.24,0.24,9.06
68,S. Zabroski,TiPS,"LAMF, RWF, LW",,9,752,United States,United States,8.27,70.37,1.07,12.5,1.27,0.27,3.09,1.07,0.0,21.6,72.84,4.27,62.5,7.07,19.87,0.27,15.7,0.01,0.4,0.0,66.67,1.87,28.57,0.27,0.27,0.4,2.8
69,L. Laurikainen,Ilves,RCB,,8,747,Finland,Finland,11.1,72.55,2.19,62.5,0.0,0.41,6.5,1.1,0.0,55.75,83.78,22.47,71.95,4.66,49.73,6.03,19.1,0.0,0.0,0.0,51.22,0.27,0.0,0.55,0.14,0.0,8.36
70,K. Naumanen,Honka,RCB,26.0,9,745,Finland,Finland,6.05,62.96,1.92,64.29,0.17,1.1,4.48,0.69,0.0,67.19,85.28,25.28,69.57,4.4,57.57,9.34,21.65,0.0,0.0,0.0,64.86,1.24,33.33,1.51,0.41,0.0,13.88
71,A. Vlasoff,PK-35 Vantaa,"LB, RB",34.0,12,744,Finland,Finland,8.39,68.12,0.55,50.0,0.0,0.0,2.5,1.24,0.14,35.92,88.89,11.15,81.48,9.5,33.85,1.51,14.82,0.06,0.28,0.14,80.77,0.55,25.0,0.14,0.14,0.28,4.27
72,A. Törrönen,JyPK,"CF, LW",23.0,14,705,Finland,Finland,5.74,51.92,1.53,41.67,0.0,0.0,2.49,0.51,0.13,17.49,60.58,4.47,48.57,4.98,14.94,1.02,20.06,0.11,0.89,0.38,36.36,1.28,70.0,0.64,0.38,0.51,2.55
73,K. Autio,PK-35 Vantaa,"LAMF, LW, CF",21.0,19,695,Finland,Finland,7.71,72.55,2.14,40.0,0.0,0.0,3.11,1.29,0.0,17.57,65.85,4.57,43.75,5.43,14.57,1.14,15.48,0.08,0.71,0.29,38.46,2.0,21.43,0.43,0.14,0.71,2.86
74,S. Jaatinen,HJK,"LWB, LB",19.0,20,684,Finland,Finland,8.59,51.72,1.09,25.0,0.0,0.14,6.15,0.55,0.0,25.91,71.58,6.14,60.0,6.82,22.09,1.23,16.15,0.2,1.23,0.55,58.82,3.0,36.36,0.27,0.55,0.55,4.64
75,D. Gurung,HPS,"RW, LW, RAMF",20.0,19,677,Finland,Finland,15.75,76.36,0.54,25.0,1.02,0.0,3.66,2.04,0.0,28.24,70.19,5.7,54.76,7.74,26.47,0.95,15.81,0.01,0.41,0.0,50.0,1.63,25.0,0.54,0.27,0.0,4.07
76,A. Pantuso,KuPS,"LCB, RCMF, LCMF",,11,622,France,France,8.68,70.73,3.33,73.91,0.0,0.29,6.69,0.43,0.14,53.97,79.36,20.26,62.14,5.79,47.03,6.66,19.87,0.04,0.72,0.43,67.65,1.45,20.0,0.72,1.16,0.0,10.27
77,R. Mikkola,PK-35 Vantaa,"LCMF, CF, LW",22.0,17,598,Finland,Finland,4.88,70.37,2.6,56.25,0.0,0.16,2.58,0.33,0.0,22.46,72.46,5.21,37.5,7.0,20.34,1.46,15.08,0.02,0.65,0.16,14.29,1.63,30.0,0.49,0.49,0.16,1.79
78,P. Pauliina,JyPK,"LW, RCMF, CF",,10,582,Finland,Finland,7.58,56.67,0.77,40.0,0.0,0.0,2.32,0.93,0.0,23.51,63.82,7.11,50.0,5.41,20.26,2.78,16.79,0.0,0.0,0.0,25.0,0.62,50.0,0.31,0.31,0.15,3.4
79,J. Mönkkönen,KuPS,"LB, RCB, LCB",28.0,12,563,Finland,Finland,10.87,83.93,1.28,87.5,0.0,0.48,4.6,0.64,0.16,56.59,81.07,21.9,68.61,6.07,48.28,7.03,17.63,0.03,0.48,0.16,70.59,2.08,46.15,0.48,0.48,0.64,13.75
80,I. Walta,HJK,"RWF, LB",15.0,11,536,Finland,Finland,6.38,64.86,0.5,100.0,0.23,0.0,3.02,0.84,0.17,17.97,71.03,4.37,46.15,4.53,13.26,1.85,17.09,0.24,1.34,0.5,33.33,3.53,47.62,0.34,0.67,1.68,2.85
0,E. Closs,Lyn,"LB, LW",22.0,19,1818,Norway,Norway,11.24,64.18,1.88,52.63,1.04,0.15,7.1,0.54,0.1,35.84,71.96,11.58,57.69,5.99,28.22,3.81,19.38,0.18,1.83,0.35,56.18,4.55,36.96,0.59,0.64,1.29,8.02
1,T. Hansen,Sandviken,"RCB, LCB",24.0,19,1806,Norway,Norway,8.6,70.37,1.99,28.95,0.0,0.1,4.91,0.31,0.05,82.13,89.08,31.42,79.8,4.72,74.0,7.66,21.01,0.04,0.21,0.05,79.75,0.89,47.06,0.89,0.42,0.16,14.74
2,R. Decker,Avaldsnes,"LCB, CB",34.0,19,1801,United States,United States,10.74,71.3,3.45,42.03,0.22,0.9,7.15,0.7,0.0,40.13,81.07,18.69,68.45,1.2,33.98,6.15,22.41,0.03,0.2,0.1,63.16,0.2,50.0,0.25,0.3,0.0,9.0
3,I. Vårhus,Rosenborg,LCB,25.0,19,1782,Norway,Norway,9.09,68.32,3.54,75.71,0.67,0.76,6.72,0.76,0.05,63.64,91.98,21.31,82.23,2.68,58.69,4.95,20.8,0.0,0.1,0.0,72.63,0.15,33.33,0.15,0.15,0.0,7.88
4,A. Norheim,Avaldsnes,"RCB, LCB, CF",22.0,19,1779,Norway,Norway,8.9,73.79,1.92,55.26,0.11,0.71,5.51,0.46,0.0,38.2,70.07,19.63,56.19,1.37,29.49,8.25,24.06,0.01,0.15,0.1,49.39,1.37,22.22,1.01,0.3,0.2,10.57
5,E. Woldvik,Lillestrøm,LB,22.0,19,1763,Norway,Norway,8.34,67.54,1.29,45.83,0.07,0.05,5.09,0.27,0.32,37.6,79.26,11.35,65.88,8.98,31.09,2.96,19.41,0.34,2.21,0.7,63.64,3.66,60.29,0.16,0.38,2.04,6.94
6,G. Bergsvand,Sandviken,CB,27.0,19,1739,Norway,Norway,8.57,82.28,2.89,60.38,0.08,0.38,6.88,0.33,0.0,70.62,93.97,14.35,77.57,3.49,67.24,3.38,20.51,0.0,0.05,0.0,68.75,0.38,42.86,0.16,0.16,0.0,5.51
7,E. Brunes,Klepp,LCB,18.0,19,1736,Norway,Norway,12.79,73.97,1.64,50.0,0.11,0.77,7.03,0.49,0.05,34.5,79.24,15.15,68.95,2.46,27.94,6.34,21.53,0.03,0.44,0.16,61.82,0.38,57.14,0.16,0.11,0.16,8.15
8,I. Sigurðardóttir,Vålerenga,LCB,24.0,19,1736,Iceland,Iceland,6.01,76.79,3.66,70.15,0.63,0.71,4.66,0.38,0.11,66.93,90.03,24.99,79.21,3.39,56.15,10.77,23.28,0.09,0.27,0.11,69.32,1.37,44.0,0.87,0.77,0.0,12.52
9,S. Hørte,Kolbotn,"RCB, LCB",20.0,18,1733,Norway,Norway,12.26,73.15,5.87,70.8,0.47,1.14,10.07,0.73,0.0,48.14,81.01,18.02,63.69,2.13,39.11,8.98,24.26,0.01,0.1,0.0,39.42,0.57,27.27,0.47,0.16,0.05,8.78
10,S. Pedersen,Vålerenga,RCB,27.0,18,1712,Denmark,Denmark,6.88,62.5,2.66,62.5,0.16,0.61,6.63,0.33,0.06,75.63,89.58,28.69,79.11,4.66,67.03,8.43,21.17,0.02,0.17,0.11,75.58,0.94,29.41,1.17,0.28,0.11,13.21
11,E. Haavi,Lillestrøm,"LW, LAMF",29.0,19,1686,Norway,Norway,5.13,54.22,1.58,39.29,0.07,0.06,3.1,0.39,0.23,31.92,70.67,9.25,64.02,6.09,23.74,3.27,20.86,0.24,1.35,0.79,59.7,5.24,52.69,0.73,1.58,2.09,6.65
12,M. Lund,Sandviken,"LWB, LB",24.0,18,1672,Norway,Norway,7.68,69.75,0.91,12.5,0.16,0.11,3.92,0.28,0.63,46.14,74.97,10.98,53.89,11.38,35.78,5.69,21.35,0.62,3.53,1.25,52.27,5.8,50.0,1.19,1.14,2.1,10.01
13,V. Hasund,Sandviken,"LWF, LW",24.0,19,1663,Norway,Norway,5.26,64.94,1.14,30.0,0.0,0.06,3.28,0.4,0.11,17.5,69.28,3.95,56.52,4.63,14.81,0.51,16.87,0.11,0.91,0.34,75.0,1.83,34.38,0.29,0.51,0.46,2.23
14,J. Blakstad,Rosenborg,"LAMF, LW, AMF",20.0,18,1652,Norway,Norway,7.63,70.43,3.05,60.71,0.0,0.11,4.22,0.49,0.22,39.55,76.86,7.74,58.45,11.66,34.21,1.63,18.29,0.31,1.8,0.87,65.0,3.98,39.73,0.65,1.2,1.2,4.79
15,I. Gausdal,Lillestrøm,LCB,30.0,19,1648,Norway,Norway,8.6,76.67,3.82,69.12,0.21,0.73,5.56,0.11,0.11,52.92,88.32,19.83,78.19,3.15,48.37,4.49,19.89,0.01,0.06,0.06,77.19,0.34,0.0,0.22,0.11,0.0,8.03
16,J. Bækkelund,Lyn,"CB, RCB, LCB",20.0,17,1629,Norway,Norway,8.51,69.7,2.32,59.52,0.13,0.77,6.85,0.22,0.0,58.12,86.03,21.16,70.23,1.88,47.02,10.99,24.52,0.0,0.0,0.06,60.31,0.72,30.77,0.88,0.22,0.0,10.06
17,E. Løvgren,Arna-Bjørnar,RCB,31.0,17,1617,Sweden,Sweden,11.47,68.89,4.95,43.82,0.3,0.67,8.26,0.56,0.0,49.26,81.69,22.04,67.68,1.89,41.8,7.4,21.9,0.0,0.06,0.06,50.38,0.78,14.29,0.22,0.17,0.0,10.07
18,I. Spord,Sandviken,"RCMF, RCB, LCMF",27.0,18,1611,Norway,Norway,6.63,72.41,2.13,36.11,0.4,0.18,3.56,0.65,0.0,52.49,87.71,15.09,75.69,8.22,47.4,4.56,18.21,0.02,0.3,0.24,70.37,1.36,30.43,0.89,0.41,0.12,6.75
19,M. Olsvik,Rosenborg,"LB, LAMF",27.0,18,1599,Norway,Norway,10.47,64.05,0.84,40.0,0.29,0.17,6.19,0.23,0.06,51.22,79.78,17.45,65.81,8.27,45.31,3.6,18.75,0.06,0.34,0.23,62.79,3.21,31.58,0.79,0.9,0.51,9.34
20,M. Østenstad,Sandviken,"LCB, RCB",20.0,19,1537,Norway,Norway,7.59,67.95,2.3,56.76,0.0,0.06,5.7,0.37,0.06,71.71,90.2,24.69,80.6,5.97,67.24,3.98,19.63,0.06,0.5,0.19,78.62,1.18,52.63,0.5,0.44,0.19,12.19
21,S. Grønli,Stabæk,"RWB, LWB, LB",37.0,18,1532,Norway,Norway,8.28,68.54,0.82,35.71,0.0,0.06,5.76,0.12,0.0,36.13,63.09,11.75,43.0,7.23,26.61,5.64,21.26,0.07,0.76,0.59,44.34,4.7,45.0,0.82,1.12,1.41,9.05
22,I. Sandnes,Lyn,"LCB, LB",23.0,16,1528,Norway,Norway,8.89,64.0,2.12,50.0,0.21,0.53,6.86,0.18,0.0,47.71,80.99,19.38,59.88,3.06,37.7,9.31,23.47,0.03,0.35,0.06,54.87,1.3,31.82,0.59,0.24,0.35,9.6
23,L. Hansen,Kolbotn,"LCB, RCB, CB",27.0,16,1488,Norway,Norway,9.38,58.57,3.27,59.26,0.0,0.73,8.66,0.48,0.0,45.6,79.58,18.15,59.67,2.0,36.11,9.07,24.2,0.0,0.06,0.0,46.08,1.03,17.65,0.3,0.06,0.06,9.07
24,M. Brenn,Lillestrøm,RCB,22.0,17,1472,Norway,Norway,7.1,70.49,1.76,66.67,0.0,0.26,5.38,0.33,0.0,54.51,89.84,21.16,81.54,4.17,47.34,7.03,20.99,0.05,0.52,0.07,79.26,1.17,55.56,0.46,0.91,0.07,10.55
25,S. Bjørneboe,Stabæk,LCB,21.0,18,1464,Norway,Norway,12.05,73.91,1.97,75.0,0.54,0.37,6.71,0.68,0.0,57.42,83.3,25.45,70.05,3.63,48.38,8.98,21.38,0.0,0.12,0.06,59.86,0.86,14.29,0.8,0.25,0.06,11.62
26,S. Jensen,Vålerenga,"CF, LAMF, RAMF",25.0,19,1457,Norway,Norway,2.92,67.31,1.1,35.29,0.1,0.06,0.86,0.71,0.06,22.11,74.19,4.73,58.9,6.22,20.43,0.58,15.08,0.14,0.84,0.32,61.29,1.88,44.83,1.23,0.84,0.52,3.05
27,S. Reinås,Stabæk,"RCB, CB",27.0,16,1444,Norway,Norway,8.1,58.62,2.18,54.29,0.3,0.19,6.95,0.44,0.0,51.73,80.24,23.5,68.44,3.61,38.83,12.34,23.77,0.05,0.31,0.19,58.9,1.56,24.0,1.62,0.44,0.0,11.97
28,L. Laupstad,Arna-Bjørnar,"LW, RW",18.0,19,1436,Norway,Norway,7.65,59.22,1.07,35.29,0.07,0.06,3.94,0.38,0.06,26.32,69.52,7.83,49.6,7.02,23.38,1.94,16.3,0.05,0.69,0.25,43.59,1.63,34.62,1.0,0.75,0.25,3.89
29,E. Bragstad,Rosenborg,RCB,19.0,16,1435,Norway,Norway,7.9,67.39,3.2,62.75,0.0,0.25,5.36,0.38,0.0,64.29,90.34,21.39,78.01,2.26,59.77,4.52,19.77,0.02,0.31,0.13,65.09,0.69,36.36,0.25,0.38,0.0,8.09
30,M. Hjelmhaug,Arna-Bjørnar,LB,22.0,16,1412,Norway,Norway,11.28,67.35,0.76,25.0,1.01,0.13,6.47,0.32,0.06,39.01,68.95,19.31,53.14,4.59,27.41,10.13,22.63,0.02,0.19,0.06,40.78,2.17,38.24,0.83,0.51,0.51,11.09
31,K. Sundlöv,Stabæk,"CB, RCB, LCB",31.0,17,1354,Sweden,Sweden,10.57,68.6,3.92,62.71,0.08,0.53,7.82,0.4,0.0,42.81,78.11,17.35,61.3,2.13,35.23,7.31,21.6,0.0,0.07,0.0,54.17,0.8,8.33,0.73,0.0,0.07,8.24
32,T. Ose,Arna-Bjørnar,LCB,18.0,17,1344,Norway,Norway,11.05,69.66,1.21,61.11,0.2,0.67,6.8,0.27,0.0,51.7,86.4,20.49,74.18,2.21,46.74,4.89,21.29,0.01,0.07,0.0,60.38,0.54,50.0,0.2,0.27,0.07,8.17
33,R. Madsen,Vålerenga,"RAMF, CF, LAMF",24.0,18,1319,Denmark,Denmark,8.1,65.71,2.37,23.53,0.2,0.07,4.58,1.26,0.28,37.08,72.13,5.66,55.56,10.75,32.33,1.26,16.48,0.2,1.89,0.63,59.46,3.91,41.07,0.7,1.68,0.91,5.38
34,T. Sørbo,Kolbotn,"RB, LB",18.0,17,1285,Norway,Norway,10.72,59.87,0.84,58.33,0.0,0.28,5.52,0.7,0.0,32.92,77.66,10.37,72.3,5.46,28.86,1.96,19.29,0.03,0.28,0.07,73.81,1.61,34.78,0.14,0.07,0.42,6.09
35,H. Broch,Klepp,"LB, LWB",19.0,14,1267,Norway,Norway,6.88,59.76,0.76,60.0,0.0,0.15,3.26,0.38,0.0,25.23,67.58,12.62,59.39,3.67,20.19,3.29,20.76,0.1,0.92,0.23,46.94,1.68,40.91,0.15,0.0,0.76,5.66
36,S. Vistnes,Klepp,"CB, RCB, CF",29.0,18,1231,Norway,Norway,9.23,69.7,5.6,61.97,0.52,1.03,5.6,0.71,0.0,27.77,66.19,12.7,45.96,2.84,21.06,6.31,19.42,0.03,0.39,0.32,33.9,1.18,20.0,1.26,0.47,0.0,5.84
37,E. Hegg,Kolbotn,"LW, LWF, LWB",20.0,18,1211,Norway,Norway,5.2,63.83,1.11,26.67,0.0,0.0,3.91,0.15,0.0,23.71,75.55,6.54,65.91,6.24,22.37,0.52,17.12,0.0,0.15,0.0,64.52,0.89,33.33,0.45,0.45,0.15,2.82
38,C. Tandberg,Lyn,"CF, LW, RW",17.0,18,1167,Norway,Norway,10.64,57.26,5.48,49.3,1.67,0.15,4.22,2.47,0.0,20.98,71.69,5.17,50.75,6.94,19.59,0.93,16.71,0.06,0.46,0.15,60.0,0.85,18.18,0.62,0.08,0.23,2.85
39,M. Nordahl,Lyn,RCB,33.0,16,1166,Norway,Norway,9.96,58.73,2.86,29.73,0.36,0.39,7.81,0.23,0.0,47.39,84.36,17.21,66.37,4.25,39.06,8.34,22.81,0.0,0.0,0.0,61.67,0.31,25.0,0.54,0.08,0.0,8.72
40,A. Tomter,Vålerenga,LB,26.0,17,1128,Norway,Norway,7.2,56.36,1.99,60.87,0.13,0.17,6.62,0.09,0.17,43.53,79.48,16.04,72.43,7.37,36.16,4.94,20.22,0.23,1.82,0.26,67.9,2.6,40.0,0.78,0.87,0.69,9.28
41,E. Nelhage,Kolbotn,"LB, LCB",18.0,14,1118,Sweden,Sweden,8.69,64.2,2.01,84.0,0.0,0.32,5.71,0.08,0.0,31.15,68.73,14.49,56.11,3.86,25.2,4.43,21.46,0.02,0.24,0.08,47.37,1.53,26.32,0.64,0.0,0.32,6.52
42,M. Ivanović,Arna-Bjørnar,"CF, LW",21.0,16,1113,Serbia,Serbia,6.23,62.69,0.65,12.5,0.41,0.24,2.47,0.65,0.08,17.71,67.12,4.85,55.0,3.32,15.28,1.05,16.34,0.1,0.57,0.24,53.85,1.86,43.48,0.81,0.73,0.32,2.67
43,J. Austdal,Klepp,"DMF, RCB, LCMF",20.0,18,1098,Norway,Norway,13.84,54.62,5.45,47.54,0.56,1.61,7.8,1.79,0.0,29.82,69.46,12.68,52.11,2.77,24.82,4.64,18.91,0.0,0.09,0.0,42.86,0.71,12.5,0.0,0.09,0.0,7.05
44,H. Dahl,Avaldsnes,"LB, LWB",26.0,12,1065,Norway,Norway,7.61,58.33,0.34,25.0,0.09,0.0,3.79,0.0,0.17,39.04,58.23,20.54,53.09,2.79,25.01,8.96,24.51,0.12,0.85,0.25,48.39,5.15,34.43,1.35,0.68,1.52,11.49
45,J. Vanhaevermaet,Reading,"RDMF, RCB, LCMF",29.0,13,1052,Belgium,Belgium,10.01,75.31,6.08,61.54,0.36,0.37,5.14,0.65,0.19,48.27,81.4,16.93,66.85,8.05,41.35,6.08,19.26,0.09,0.65,0.28,67.01,1.5,37.5,0.37,0.75,0.37,8.61
46,C. Bott,Vålerenga,"LB, RB",26.0,14,944,New Zealand,New Zealand,10.49,65.93,1.72,66.67,0.54,0.1,6.22,0.95,0.1,44.9,79.41,14.4,64.9,7.63,38.42,4.48,19.49,0.17,0.86,0.48,61.9,3.72,41.03,1.91,1.14,0.95,8.58
47,K. Aabel,Arna-Bjørnar,"LCB, LB",25.0,12,831,Norway,Norway,9.96,66.67,4.55,64.29,0.25,0.43,6.47,0.76,0.0,33.68,78.78,13.54,59.2,3.25,28.16,5.42,21.93,0.03,0.32,0.0,44.19,0.54,40.0,0.87,0.54,0.11,6.17
48,I. Søndenå,Stabæk,"CB, LCB, RCB",27.0,14,825,Norway,Norway,12.44,73.75,2.07,52.63,0.0,0.22,7.02,1.2,0.0,43.09,82.78,16.36,70.67,2.95,36.65,5.89,20.09,0.02,0.22,0.22,52.63,0.76,42.86,0.33,0.11,0.22,6.33
49,K. Leine,Rosenborg,"RCB, LB",25.0,12,823,Norway,Norway,8.86,75.44,1.97,72.22,0.42,0.44,4.86,0.55,0.0,56.1,88.11,18.37,75.6,5.03,48.88,6.78,22.78,0.0,0.0,0.0,70.0,1.2,9.09,0.66,0.22,0.0,8.64
50,I. Jåstad,Arna-Bjørnar,"RCMF, LCMF, LB",19.0,15,776,Norway,Norway,9.74,60.0,1.39,33.33,1.09,0.23,3.63,0.81,0.0,33.29,78.4,13.22,64.91,4.87,29.57,3.36,17.98,0.01,0.12,0.0,58.82,1.04,44.44,0.46,0.23,0.23,6.26
51,C. Ildhusøy,PSG,"RAMF, CF, LAMF",20.0,11,775,Norway,Norway,5.85,50.0,1.91,43.75,0.38,0.12,4.34,1.91,0.12,25.66,81.4,5.85,73.47,6.21,24.47,0.24,14.34,0.12,1.31,0.36,69.23,1.79,46.67,0.95,0.95,0.24,3.34
52,J. Fridlund,Kolbotn,"RW, RWF, LW",25.0,15,765,Norway,Norway,5.76,53.85,1.53,15.38,0.32,0.0,4.11,0.59,0.0,26.94,70.74,8.59,58.9,6.35,23.41,2.0,16.19,0.04,1.29,0.12,60.71,1.76,46.67,0.47,0.59,0.35,4.24
53,M. Thoresen,Stabæk,"LWB, LW",26.0,14,741,Norway,Norway,9.23,70.18,1.09,66.67,0.0,0.0,5.6,0.36,0.12,35.71,60.54,10.57,33.33,9.72,25.26,5.22,22.06,0.13,1.58,0.97,32.56,5.95,30.61,1.82,0.12,1.7,6.68
54,K. Svandal,Avaldsnes,"LW, LWF",,16,739,Norway,Norway,6.45,57.69,1.95,18.75,0.29,0.12,3.07,1.1,0.0,19.0,74.36,4.26,65.71,5.85,16.68,0.97,14.3,0.02,0.49,0.37,55.56,1.22,30.0,0.12,0.24,0.24,1.71
55,N. Utvik,Avaldsnes,"RCB, RB",28.0,8,734,Norway,Norway,12.02,68.42,2.7,54.55,0.67,0.49,5.52,0.86,0.0,44.39,75.41,26.24,69.63,2.82,34.46,9.2,20.46,0.02,0.37,0.0,53.75,1.59,38.46,1.35,0.49,0.37,12.51
56,A. Snørteland Jensen,Klepp,"LB, LW, LWB",19.0,8,693,Norway,Norway,7.92,53.7,1.56,50.0,0.77,0.0,3.32,0.52,0.0,19.61,54.97,11.17,46.51,1.95,13.77,4.68,22.18,0.03,0.26,0.13,43.9,1.56,58.33,0.65,0.39,0.52,7.53
57,K. Grøndal,Klepp,"RCB, RB",25.0,11,678,Norway,Norway,11.02,79.31,0.93,57.14,0.54,0.0,4.46,0.53,0.0,38.63,82.13,15.53,67.52,4.65,33.45,5.04,20.85,0.0,0.0,0.0,56.67,0.66,0.0,0.8,0.0,0.0,7.43
58,E. Greening,Klepp,"RB, RW, LW",24.0,9,665,United States,United States,11.23,66.67,2.3,47.06,0.38,0.14,5.06,0.95,0.0,29.1,57.21,13.8,38.24,5.14,21.65,6.09,22.63,0.04,0.68,0.27,29.27,2.98,22.73,2.57,0.54,0.68,7.44
59,A. Jøsendal,Avaldsnes,"LWF, LW, LB",20.0,11,611,Norway,Norway,6.78,65.38,1.91,38.46,0.0,0.15,4.86,0.0,0.0,26.96,62.3,6.92,46.81,4.71,20.18,1.62,18.75,0.18,1.33,0.74,58.82,5.16,51.43,0.88,1.18,2.36,6.04
60,N. Orgill,Klepp,"RCB, RB",28.0,7,604,Australia,Australia,11.92,74.55,1.19,37.5,0.49,0.0,5.84,0.75,0.0,39.93,70.9,21.46,64.58,2.24,32.04,6.41,20.83,0.0,0.0,0.0,46.3,2.24,26.67,0.15,0.0,0.6,9.69
61,C. Luthcke,Lillestrøm,"RCB, LCB",18.0,14,592,Norway,Norway,9.53,68.09,0.99,16.67,0.21,0.33,5.24,0.66,0.16,48.45,83.39,17.41,69.81,4.11,41.55,6.73,21.4,0.01,0.16,0.0,59.46,0.66,25.0,0.49,0.16,0.16,9.03
62,S. Fornes,Rosenborg,"CF, LW, LAMF",19.0,18,575,Norway,Norway,7.2,63.89,5.48,48.57,1.03,0.16,3.7,0.78,0.16,19.88,76.38,3.91,68.0,6.57,18.0,1.1,16.25,0.07,0.47,0.31,50.0,0.94,33.33,0.47,0.63,0.31,1.57
63,A. Andradóttir,Vålerenga,"AMF, CF, LAMF",17.0,15,534,Iceland,Iceland,3.86,65.0,0.7,0.0,0.8,0.0,1.59,0.0,0.18,32.28,85.33,6.67,78.95,7.37,29.82,1.58,13.62,0.06,1.05,0.53,80.0,1.75,40.0,0.7,0.88,0.35,2.46
64,S. Haaland,Kolbotn,"LCB, CB, RCB",23.0,8,525,Norway,Norway,11.83,76.47,3.09,27.78,1.53,0.51,7.88,0.17,0.0,35.49,79.71,10.11,54.24,3.43,28.8,6.69,23.01,0.0,0.0,0.0,54.17,0.69,25.0,0.34,0.17,0.0,6.0
65,K. Olsen,Avaldsnes,"LB, DMF",17.0,12,499,Norway,Norway,9.92,63.64,3.25,44.44,0.0,0.18,5.63,0.72,0.0,20.2,65.18,8.84,48.98,3.25,17.13,3.07,16.05,0.0,0.0,0.0,41.18,0.18,0.0,0.18,0.18,0.0,3.79
0,E. Hed,Vittsjö,"LB, LW",22.0,24,2200,Sweden,Sweden,9.7,60.36,1.68,51.22,0.05,0.0,5.2,0.25,0.25,41.69,74.19,17.8,63.91,7.45,34.12,4.75,19.22,0.24,2.13,0.65,56.89,3.93,53.13,1.35,0.86,1.27,8.39
1,E. Lennartsson,Linköping,"RCB, LCB",30.0,23,2188,Sweden,Sweden,10.98,67.63,2.63,46.88,0.09,0.49,5.92,0.86,0.0,54.26,82.79,25.38,72.29,3.13,47.96,5.96,19.67,0.01,0.04,0.04,66.67,0.78,31.58,0.58,0.16,0.16,11.31
2,G. Arnardóttir,Rosengård,"LCB, CB",26.0,23,2184,Iceland,Iceland,9.44,76.19,3.01,61.64,0.15,0.95,7.08,0.12,0.08,53.7,84.88,22.29,71.9,1.77,44.55,9.15,24.46,0.01,0.04,0.08,57.3,0.58,21.43,0.54,0.25,0.0,9.19
3,S. Kullberg,KIF Örebro,"RCB, CB",28.0,23,2177,Sweden,Sweden,8.81,67.54,1.94,63.83,0.0,0.58,6.35,0.29,0.0,52.38,90.21,15.88,76.04,1.9,46.67,5.66,21.12,0.0,0.0,0.0,50.0,0.37,22.22,0.33,0.08,0.04,5.21
4,J. Rybrink,Kristianstad,"CB, RCB",23.0,23,2169,Sweden,Sweden,10.37,72.86,1.83,54.55,0.32,0.5,7.54,0.25,0.0,66.6,89.97,23.86,80.35,2.7,59.71,6.85,19.73,0.01,0.17,0.08,67.89,0.41,30.0,0.25,0.12,0.0,7.72
5,N. Fischer,Linköping,"CB, RCB",37.0,23,2141,Sweden,Sweden,9.54,69.4,2.82,65.67,0.69,0.71,5.88,0.67,0.0,62.21,90.0,21.65,79.22,2.44,55.19,7.02,21.26,0.0,0.04,0.0,67.5,0.08,50.0,0.13,0.08,0.0,7.99
6,S. Wännerdahl,Piteå,LB,25.0,23,2127,Sweden,Sweden,10.87,63.59,1.18,35.71,0.0,0.04,5.98,0.68,0.08,33.13,63.6,16.08,52.89,3.09,24.54,6.01,21.22,0.14,1.31,0.3,45.53,2.5,30.51,0.51,0.17,0.55,9.14
7,E. Pikkujämsä,KIF Örebro,"LCB, RCMF",22.0,23,2124,Finland,Finland,8.35,60.82,1.69,60.0,0.0,0.47,6.62,0.51,0.04,52.92,83.19,19.24,68.06,4.24,46.36,6.1,20.68,0.05,0.21,0.08,54.69,1.69,25.0,1.02,0.25,0.17,9.24
8,M. Plan,Eskilstuna United,"LCB, RCB",23.0,23,2109,Sweden,Sweden,14.59,71.51,2.69,57.14,0.47,0.38,9.81,1.19,0.0,50.87,82.21,19.72,66.23,3.12,41.35,9.52,24.1,0.03,0.17,0.09,55.81,0.51,16.67,0.98,0.21,0.0,10.37
9,K. Veje,Rosengård,LB,30.0,23,2100,Denmark,Denmark,6.17,62.62,0.34,62.5,0.12,0.09,4.37,0.43,0.04,77.87,86.35,27.69,80.5,10.54,70.5,3.9,17.92,0.11,1.11,0.81,79.09,4.84,51.33,1.37,1.29,1.41,15.26
10,F. Michael,Piteå,"LCB, RCB",34.0,23,2098,Nigeria,Nigeria,8.15,73.42,2.36,56.36,0.0,0.6,6.03,0.21,0.0,31.66,81.98,13.68,68.97,2.19,24.84,6.78,23.3,0.02,0.21,0.13,47.06,0.6,50.0,0.6,0.26,0.0,6.22
11,S. Adolfsson,Vittsjö,LCB,34.0,22,2097,Sweden,Sweden,7.85,64.52,2.79,56.92,0.21,0.39,6.3,0.52,0.0,48.28,86.84,18.33,72.37,3.35,42.15,6.09,21.84,0.0,0.09,0.0,58.73,0.9,38.1,0.99,0.21,0.0,7.34
12,L. Motlhalo,Djurgården,"LCMF, LW, DMF",23.0,23,2092,South Africa,South Africa,7.49,58.21,1.16,51.85,0.09,0.17,4.43,0.22,0.09,36.52,83.75,9.25,69.77,7.83,33.94,1.63,15.51,0.09,1.42,0.6,70.27,2.71,58.73,0.69,1.25,0.34,5.08
13,M. van den Bulk,Djurgården,RCB,32.0,22,2090,Netherlands,Netherlands,13.05,67.46,2.8,50.77,0.67,0.69,8.36,0.6,0.0,50.04,74.53,26.91,61.76,2.8,39.7,10.03,21.71,0.03,0.22,0.04,46.84,1.33,22.58,1.12,0.34,0.09,10.72
14,J. Nordin,Piteå,"RCB, LCB",28.0,22,2080,Sweden,Sweden,10.51,67.5,4.5,54.81,0.14,0.95,7.25,0.74,0.0,33.84,72.63,17.44,55.58,2.42,24.53,9.26,23.84,0.01,0.09,0.04,38.0,1.51,14.29,1.08,0.35,0.04,7.05
15,E. Kullberg,Häcken,"LCB, CB",30.0,22,2052,Sweden,Sweden,10.83,73.84,2.19,52.0,0.0,0.35,7.91,0.48,0.0,63.25,89.53,26.62,82.37,4.82,56.93,5.96,20.53,0.01,0.31,0.09,70.51,0.75,41.18,0.83,0.26,0.13,9.47
16,H. Gísladóttir,AIK,"LB, LW",35.0,22,2040,Iceland,Iceland,8.51,59.41,2.29,42.31,0.04,0.09,4.09,0.53,0.04,32.78,62.45,17.29,48.47,4.24,23.43,7.19,21.47,0.07,0.62,0.31,41.67,2.82,29.69,0.75,0.22,0.62,9.44
17,O. Schough,Rosengård,"LWF, LW",30.0,23,2038,Sweden,Sweden,5.7,59.32,0.84,42.11,0.3,0.0,3.21,0.49,0.35,42.09,75.87,7.64,64.16,13.95,35.15,1.24,16.62,0.49,2.61,1.37,61.67,5.61,48.03,1.41,1.15,2.3,6.71
18,A. Carlsson,Hammarby,RCB,26.0,21,2005,Sweden,Sweden,10.59,65.93,1.84,51.22,0.18,0.72,8.45,0.67,0.04,63.43,82.59,30.12,69.15,1.84,50.99,12.25,23.65,0.0,0.13,0.04,59.57,0.81,22.22,0.76,0.22,0.09,14.99
19,E. Pennsäter,Växjö,RCB,23.0,22,2003,Sweden,Sweden,8.81,68.85,1.84,29.27,0.05,0.36,5.55,0.18,0.0,40.48,85.35,16.36,70.6,2.47,35.0,5.39,21.23,0.0,0.04,0.04,52.29,0.36,37.5,0.45,0.09,0.09,5.89
20,E. Nyström,Hammarby,"LCB, LB",21.0,22,1979,Finland,Finland,11.78,70.06,3.68,59.26,0.71,0.45,8.06,0.68,0.05,56.26,82.46,23.1,71.85,2.82,47.93,7.78,21.46,0.02,0.18,0.18,69.73,0.82,44.44,0.18,0.18,0.18,12.55
21,B. Agustsdottir,KIF Örebro,"LCB, LCMF, RCB",26.0,22,1968,Iceland,Iceland,12.67,72.57,2.01,61.36,0.1,0.5,7.67,0.87,0.0,44.63,82.48,18.8,69.1,3.57,38.83,5.44,19.15,0.02,0.09,0.0,56.69,1.1,20.83,0.64,0.14,0.05,7.09
22,F. da Silva,Vittsjö,"CF, LW, RW",28.0,22,1958,Sweden,Sweden,8.6,59.03,2.44,35.85,1.2,0.0,4.64,1.7,0.18,31.35,74.19,10.62,66.23,6.8,24.55,3.95,19.23,0.2,1.42,0.69,54.62,3.54,50.65,2.02,1.06,1.24,5.24
23,L. Ökvist,Häcken,"LB, LCB",24.0,22,1950,Sweden,Sweden,12.42,65.38,2.58,41.07,0.14,0.14,9.03,0.92,0.14,58.75,75.96,22.71,64.43,9.6,48.92,5.77,19.44,0.19,1.71,0.6,56.16,5.45,49.15,1.34,1.06,1.94,14.54
24,E. Stenevik,Eskilstuna United,"LB, LCB",22.0,23,1938,Norway,Norway,10.82,61.5,1.39,53.33,0.41,0.23,5.64,0.93,0.0,47.23,73.25,23.36,61.63,4.69,37.66,7.29,21.3,0.07,0.79,0.05,58.33,2.97,42.19,1.11,0.46,1.02,13.51
25,C. Polkinghorne,Vittsjö,RCB,32.0,20,1904,Australia,Australia,9.69,71.84,2.69,52.63,0.12,0.47,7.69,0.19,0.05,54.22,83.52,25.81,73.08,1.99,45.0,8.89,22.87,0.02,0.24,0.19,60.98,0.8,52.94,1.13,0.33,0.19,12.34
26,E. Larsson,Hammarby,"LAMF, LW",23.0,22,1895,Sweden,Sweden,8.31,59.76,2.14,37.78,0.0,0.05,4.86,1.42,0.28,27.83,64.16,8.12,46.78,7.03,22.65,2.14,17.79,0.14,0.95,0.38,42.86,3.75,49.37,0.76,0.9,1.14,5.6
27,M. Gotta,Växjö,"RB, RW, LB",24.0,22,1890,United States,United States,14.0,63.94,1.19,60.0,0.87,0.24,7.35,1.33,0.0,39.81,58.61,18.81,48.61,5.1,27.43,8.33,22.45,0.03,0.48,0.14,43.98,4.52,33.68,1.14,0.43,1.33,10.86
28,E. Berglund,Rosengård,RCB,32.0,22,1879,Sweden,Sweden,6.27,67.12,3.98,62.65,0.06,0.53,5.25,0.34,0.1,70.51,90.9,31.56,84.22,2.16,63.42,6.99,21.14,0.04,0.29,0.19,77.73,1.01,38.1,0.96,0.43,0.05,14.47
29,L. Gewitz,Häcken,RCB,27.0,20,1876,Denmark,Denmark,11.47,75.14,2.45,49.02,0.07,0.19,7.52,0.48,0.05,58.24,88.39,24.85,79.34,3.41,52.82,4.99,20.65,0.01,0.14,0.14,69.12,1.39,41.38,0.82,0.38,0.19,9.79
30,F. Abrahamsson,KIF Örebro,"RB, RCB",27.0,22,1870,Sweden,Sweden,9.29,56.98,2.02,35.71,0.11,0.19,4.83,0.53,0.0,47.41,82.13,22.57,72.71,4.24,39.75,6.3,18.98,0.02,0.29,0.19,65.07,2.02,40.48,0.67,0.24,0.82,11.17
31,R. Öling,Rosengård,"LCMF, LW",27.0,23,1867,Finland,Finland,9.4,58.38,1.35,42.86,0.13,0.1,5.43,0.34,0.29,36.35,75.6,10.65,59.28,9.21,34.47,1.16,14.96,0.09,0.87,0.48,59.72,2.89,38.33,1.83,1.49,0.19,4.05
32,N. Karlsson,Växjö,"LB, LCB",26.0,20,1836,Sweden,Sweden,14.61,68.54,4.02,70.73,0.41,0.88,8.7,0.69,0.0,39.8,69.33,19.56,56.64,3.09,30.05,8.33,22.53,0.04,0.39,0.25,36.09,2.06,26.19,1.13,0.39,0.34,9.26
33,P. Johansson,Linköping,"LCB, RCB",33.0,21,1804,Sweden,Sweden,8.53,67.72,1.15,47.83,0.06,0.25,4.82,0.75,0.05,58.87,80.68,28.14,68.26,2.89,46.35,11.97,22.32,0.01,0.25,0.2,62.08,1.7,38.24,1.95,0.3,0.3,14.72
34,H. Davison,AIK,"LCB, CB, RCB",24.0,19,1788,United States,United States,15.5,77.63,3.22,64.06,0.56,0.96,9.16,1.11,0.05,38.56,71.28,17.11,50.59,2.01,29.14,9.21,23.27,0.01,0.1,0.05,32.99,0.86,5.88,0.7,0.0,0.05,7.85
35,M. Carlsson,Kristianstad,"LB, LWB, LCB",31.0,21,1774,Sweden,Sweden,10.65,65.29,4.52,59.55,0.53,0.3,8.15,0.76,0.05,52.1,80.14,22.53,69.37,6.24,43.38,7.31,20.22,0.08,0.86,0.56,59.64,1.57,38.71,0.81,0.51,0.46,12.07
36,J. Rytting-Kaneryd,Häcken,"RAMF, RWB, LAMF",24.0,22,1730,Sweden,Sweden,7.02,63.64,1.98,21.05,0.0,0.1,5.1,0.57,0.1,40.89,74.94,7.86,71.52,10.82,35.84,0.78,15.22,0.22,1.51,0.78,63.04,3.38,55.38,0.62,1.87,1.2,4.89
37,P. Boakye,Djurgården,"LCB, LB",32.0,19,1729,Ghana,Ghana,12.28,65.63,1.25,70.83,0.06,0.42,8.75,0.88,0.0,46.12,82.96,19.78,73.68,2.91,39.77,5.21,19.73,0.1,0.73,0.21,60.87,1.3,56.0,0.31,0.16,0.57,8.85
38,A. Edgren,Kristianstad,"CF, LAMF, RB",28.0,24,1728,Sweden,Sweden,6.88,54.55,4.38,48.81,1.21,0.1,4.02,0.78,0.05,26.61,71.43,8.75,63.69,6.09,23.85,1.35,16.94,0.08,0.57,0.31,57.14,1.82,31.43,0.63,0.68,0.21,4.06
39,M. Jans,Vittsjö,"RCMF, RCB",27.0,20,1699,Denmark,Denmark,8.95,66.09,3.34,61.9,0.39,0.42,5.71,0.58,0.0,46.67,83.43,16.53,71.47,6.04,42.17,4.03,18.36,0.04,0.37,0.05,62.0,0.95,44.44,0.69,0.32,0.32,8.16
40,S. Atladottir,Kristianstad,"LCB, RCB",36.0,20,1676,Iceland,Iceland,12.03,65.73,1.56,51.72,1.01,0.64,7.72,0.86,0.0,46.5,76.33,20.89,64.52,4.35,37.75,8.16,20.02,0.06,0.32,0.21,45.05,0.86,18.75,0.43,0.11,0.21,10.31
41,R. Kafaji,AIK,"LW, CF, RW",,20,1673,Sweden,Sweden,9.47,58.87,3.77,37.14,0.72,0.0,4.42,1.83,0.0,22.49,65.79,6.67,45.97,6.13,19.96,1.72,15.77,0.05,0.27,0.11,39.22,1.29,33.33,1.13,0.48,0.05,3.44
42,E. Östlund,Eskilstuna United,"RCB, LCB",21.0,20,1648,Sweden,Sweden,12.12,67.52,2.51,52.17,0.06,0.82,6.61,0.66,0.05,46.04,86.0,17.15,73.57,2.62,40.36,5.3,21.55,0.04,0.11,0.11,68.97,0.6,36.36,0.66,0.38,0.05,8.79
43,A. Johnsson Haahr,Växjö,"LW, RW",25.0,22,1638,Sweden,Sweden,10.11,61.81,2.14,30.77,1.12,0.0,4.47,1.15,0.0,29.51,67.78,7.75,47.52,7.03,25.16,2.47,18.07,0.1,0.88,0.33,45.76,2.64,43.75,0.66,0.49,0.71,5.05
44,E. Karlsson,Hammarby,"LB, LCB",27.0,19,1546,Sweden,Sweden,14.2,65.63,2.62,40.0,0.16,0.23,9.35,0.23,0.17,47.27,78.33,22.24,68.06,2.79,39.94,6.0,21.14,0.06,0.35,0.29,55.66,1.57,37.04,0.47,0.17,0.7,12.11
45,B. Campos,Vittsjö,"RCMF, LW, LCMF",27.0,20,1501,United States,"United States, Mexico",10.19,65.57,1.92,34.38,0.38,0.54,6.39,0.66,0.0,39.39,82.34,13.55,71.68,7.55,34.78,3.9,17.86,0.09,0.78,0.3,71.91,1.56,38.46,1.08,0.54,0.12,6.6
46,E. Wangerheim,Hammarby,"CF, RW, LAMF",17.0,22,1485,Sweden,Sweden,6.24,60.42,2.3,39.47,0.08,0.06,3.54,0.48,0.24,26.3,68.43,6.0,53.54,8.0,22.3,1.39,17.23,0.16,0.97,0.67,45.95,2.18,33.33,0.67,1.21,0.79,2.79
47,J. Rantala,Kristianstad,"CF, RWB, LAMF",21.0,24,1439,Finland,Finland,9.69,67.2,1.81,27.59,0.25,0.13,5.64,0.56,0.0,27.71,73.59,8.32,58.65,5.88,22.58,2.44,17.88,0.17,1.56,0.38,65.45,2.38,57.89,0.19,0.56,1.0,5.57
48,P. Nyström,Eskilstuna United,"LW, RW, LAMF",21.0,24,1426,Sweden,Sweden,9.78,59.44,1.58,40.0,0.15,0.13,5.02,1.26,0.0,23.92,73.61,7.26,56.52,6.75,21.46,0.95,14.27,0.04,0.38,0.25,57.5,1.2,31.58,0.63,0.38,0.32,2.97
49,E. Nilsson,Växjö,"LW, CF, RW",21.0,19,1406,Sweden,Sweden,8.83,63.41,2.82,52.27,0.0,0.06,4.13,1.15,0.0,30.85,73.03,9.41,56.46,6.34,28.68,1.66,15.82,0.15,1.09,0.51,45.9,1.98,51.61,1.28,1.02,0.19,4.61
50,C. Edlund,Piteå,"LW, RCMF, RWF",27.0,21,1396,Sweden,Sweden,8.64,53.78,2.39,37.84,0.14,0.13,4.71,0.84,0.0,26.11,77.78,7.54,58.97,8.7,24.82,0.77,14.7,0.01,0.26,0.06,54.05,1.35,19.05,0.45,0.39,0.0,2.64
51,J. Danielsson,AIK,"LW, CF, RW",27.0,16,1373,Finland,Finland,5.24,60.32,2.43,32.43,0.07,0.07,2.72,0.2,0.0,28.32,70.6,6.55,56.0,6.1,24.06,2.03,17.68,0.04,0.39,0.2,56.52,1.97,20.0,0.72,0.26,0.39,4.85
52,E. Henriksen,Växjö,"RB, LB",24.0,20,1373,Denmark,Denmark,12.85,60.93,1.31,45.0,0.56,0.2,6.67,0.59,0.0,43.33,70.95,21.76,65.36,2.49,34.41,6.29,19.83,0.05,0.33,0.2,44.23,3.34,27.45,0.85,0.0,0.92,10.75
53,F. Lång,Djurgården,"LB, LCB, LWB",25.0,18,1345,Sweden,Sweden,15.52,66.22,2.14,43.75,0.55,0.54,8.61,0.74,0.2,31.92,62.68,15.59,55.36,3.21,20.81,8.57,23.39,0.14,1.2,0.54,45.88,3.01,44.44,0.74,0.67,1.14,10.17
54,A. Selerud,Linköping,"LB, LWB",21.0,18,1339,Sweden,Sweden,10.01,66.67,1.08,25.0,0.0,0.13,4.52,0.34,0.07,39.25,67.98,12.7,54.5,7.6,31.73,3.76,18.07,0.11,1.28,0.81,54.88,4.91,41.1,0.94,1.14,1.34,10.55
55,N. Okobi,Eskilstuna United,"RW, RAMF, LW",27.0,21,1314,Nigeria,Nigeria,10.68,68.7,1.78,30.77,0.32,0.0,4.95,0.48,0.0,31.44,74.73,8.77,60.94,8.36,27.12,2.33,17.4,0.1,0.96,0.41,62.07,2.88,38.1,1.3,1.16,0.34,4.73
56,E. Rombing,Eskilstuna United,"RB, RCB",23.0,18,1266,Sweden,Sweden,10.31,70.43,1.85,46.15,0.0,0.21,5.27,0.5,0.07,47.91,78.19,19.48,68.61,5.97,40.38,5.55,20.8,0.07,0.57,0.5,56.07,3.06,48.84,1.42,0.78,0.85,11.94
57,J. Harrysson,Kristianstad,"LCB, LB",21.0,21,1254,Sweden,Sweden,11.41,64.12,2.44,38.24,0.19,0.43,7.04,0.72,0.22,46.36,77.24,21.39,65.44,4.52,38.54,6.53,20.13,0.16,0.86,0.5,56.12,1.79,52.0,0.72,0.72,0.65,11.84
58,G. Viggosdottir,Bayern München,LCB,26.0,13,1227,Iceland,Iceland,7.41,77.59,2.71,64.86,0.1,0.37,5.46,0.29,0.15,84.72,90.65,27.58,78.72,1.91,75.26,9.32,23.33,0.0,0.07,0.07,68.56,1.47,25.0,1.47,0.15,0.15,12.84
59,R. Aronsson,Linköping,"RB, RCB, RWB",23.0,16,1214,Sweden,Sweden,11.27,68.07,0.96,23.08,0.09,0.15,6.0,0.37,0.0,44.04,77.95,15.72,64.62,6.67,39.74,2.74,16.02,0.03,0.37,0.07,56.58,2.67,30.56,0.82,0.3,0.3,8.38
60,A. Sandberg,KIF Örebro,"LB, LWB",,17,1141,Sweden,Sweden,13.8,56.6,1.1,57.14,0.0,0.16,7.48,0.39,0.32,37.7,75.73,13.41,62.94,9.15,32.73,2.84,18.94,0.11,0.95,0.24,58.14,1.74,50.0,0.47,0.16,0.87,7.57
61,K. Törnkvist,Kristianstad,"RCB, RB",20.0,15,1125,Sweden,Sweden,12.8,66.14,0.56,14.29,0.83,0.48,7.03,0.32,0.0,39.28,83.91,14.4,72.22,4.64,35.68,3.12,16.64,0.02,0.16,0.08,68.42,1.04,53.85,0.32,0.32,0.24,6.08
62,E. Finndell,AIK,"RCB, CB",23.0,13,1082,Sweden,Sweden,12.64,73.0,1.41,52.94,0.81,0.67,5.58,0.58,0.0,37.43,77.78,15.97,59.38,1.58,30.44,6.9,21.69,0.0,0.0,0.0,43.18,0.25,33.33,0.58,0.0,0.0,7.57
63,A. Nildén,Juventus,"LW, LWB",23.0,13,1061,Sweden,Sweden,8.91,57.89,1.78,61.9,0.18,0.08,4.22,0.25,0.34,36.56,68.45,12.72,56.67,8.31,30.54,2.63,17.8,0.15,1.02,1.02,56.94,3.9,43.48,1.19,0.93,1.02,7.72
64,J. Pedersen,Hammarby,"LB, LWB",36.0,17,992,Norway,Norway,11.52,63.95,1.72,57.89,1.45,0.09,7.26,0.91,0.0,41.28,64.62,19.23,52.36,6.44,29.12,7.98,23.54,0.15,1.54,0.45,50.0,5.9,35.38,1.45,0.91,1.54,11.79
65,E. Landström,Inter Women,"LB, LWB",29.0,11,946,Sweden,Sweden,10.94,65.52,1.43,40.0,0.22,0.29,6.09,1.24,0.19,47.09,74.14,17.03,60.89,5.8,39.1,5.52,18.37,0.23,1.71,0.48,56.0,3.14,48.48,0.95,0.48,1.33,12.27
66,E. Karlsson,Växjö,"LCB, LB",26.0,11,928,Sweden,Sweden,13.87,78.76,3.1,53.13,0.36,0.19,6.05,0.68,0.0,38.21,78.93,16.49,65.29,2.81,31.52,5.53,21.34,0.01,0.29,0.1,44.83,1.84,36.84,0.48,0.19,0.39,6.11
67,T. Johansson,Växjö,"LCMF, DMF, LB",19.0,23,906,Sweden,Sweden,13.21,66.96,3.18,46.88,0.11,0.3,6.29,0.6,0.0,36.16,69.23,15.1,62.5,3.87,31.69,3.58,17.33,0.0,0.2,0.0,56.0,1.69,17.65,0.6,0.4,0.0,7.75
68,K. Guillou,Piteå,"AMF, LAMF, LW",27.0,13,891,United States,United States,11.82,70.53,1.11,27.27,1.24,0.0,4.38,1.11,0.2,23.74,66.38,6.06,46.67,6.87,20.71,1.82,15.56,0.09,0.61,0.4,34.78,1.31,30.77,0.2,0.61,0.4,3.43
69,S. Woeller,Växjö,"LCB, RCB",31.0,10,882,Canada,Canada,6.94,65.0,3.06,40.0,0.1,0.82,4.27,0.82,0.0,48.16,80.08,21.84,65.42,1.63,38.47,9.69,23.55,0.0,0.0,0.0,47.83,1.12,18.18,0.92,0.0,0.0,8.67
70,K. Karlsen,Djurgården,"CB, LCB",21.0,9,843,Denmark,Denmark,9.5,72.31,1.81,35.29,0.0,0.75,4.94,0.43,0.0,32.24,81.13,13.88,62.31,1.71,26.69,5.55,20.98,0.0,0.0,0.0,36.84,0.32,100.0,0.0,0.32,0.0,5.77
71,V. Barsley,Eskilstuna United,"RCB, CB, LCB",34.0,17,843,England,"England, Scotland",10.25,63.64,4.59,76.74,0.49,0.75,7.84,0.75,0.11,39.4,83.74,16.23,71.71,2.03,32.14,7.15,19.33,0.04,0.11,0.11,57.45,0.64,66.67,0.43,0.43,0.11,6.41
72,S. Nordin,AIK,"LCMF, LCB",28.0,10,833,Sweden,Sweden,13.29,58.97,4.75,61.36,0.91,0.86,7.81,1.3,0.11,32.95,76.39,12.64,60.68,4.0,28.42,4.43,18.68,0.05,0.11,0.11,47.22,0.97,11.11,0.32,0.22,0.0,6.59
73,H. Ekengren,Djurgården,"CF, RAMF, LW",19.0,17,816,Sweden,Sweden,7.72,50.0,2.32,42.86,0.0,0.0,3.6,3.09,0.11,19.41,61.93,3.97,44.44,4.85,15.77,1.1,19.41,0.07,0.55,0.33,38.46,2.1,47.37,0.44,0.88,0.55,3.31
74,S. Lilja-Vidlund,KIF Örebro,"LW, CF, LCMF",20.0,20,721,Sweden,Sweden,10.11,60.24,1.0,25.0,0.42,0.0,3.96,0.62,0.25,20.35,66.87,4.24,44.12,6.49,17.35,1.25,16.45,0.21,0.62,0.5,40.0,2.37,31.58,0.25,0.37,0.5,3.0
75,N. Björn,Everton,"RB, RCB",24.0,9,701,Sweden,Sweden,9.63,77.55,3.72,44.83,0.5,0.13,5.7,0.64,0.0,67.02,83.33,23.11,72.22,5.91,60.21,5.26,19.08,0.02,0.39,0.26,65.88,3.21,44.0,1.67,1.16,0.39,12.84
76,A. Csiki,Häcken,"RAMF, LWB, RW",21.0,16,649,Hungary,Hungary,11.09,57.89,0.69,60.0,0.0,0.28,10.0,1.25,0.28,39.94,72.57,9.29,62.69,9.43,32.17,2.91,18.36,0.26,2.08,1.11,75.0,4.85,28.57,0.83,1.25,1.39,8.18
77,P. Hammarlund,Häcken,"CF, LAMF",27.0,8,635,Sweden,Sweden,3.97,58.82,3.12,40.91,0.23,0.0,3.83,0.99,0.43,24.66,69.54,4.82,47.06,7.51,22.39,0.57,14.17,0.32,1.98,1.28,44.44,2.41,23.53,1.42,1.84,0.14,2.41
78,J. Tunturi,Vittsjö,"LW, LAMF, LCMF",25.0,15,618,Finland,Finland,11.5,53.19,5.1,57.14,1.03,0.15,8.23,0.44,0.15,38.01,71.65,12.38,52.94,9.76,32.48,3.5,16.88,0.06,0.87,0.29,43.24,2.18,40.0,0.73,0.29,0.73,5.53
79,M. Nild,Kristianstad,"CF, LAMF, LWF",24.0,15,612,Thailand,"Thailand, United States",5.88,61.76,1.03,14.29,0.0,0.15,3.88,1.03,0.0,20.29,65.22,2.65,55.56,5.29,16.03,1.47,16.21,0.04,0.44,0.29,36.36,2.21,20.0,0.59,0.44,0.15,2.65
80,S. Larsen,Häcken,"LAMF, CF, RAMF",25.0,10,591,Denmark,Denmark,7.77,58.33,5.63,56.76,0.23,0.15,6.8,1.37,0.0,24.52,73.91,4.72,45.16,8.53,21.93,0.3,16.34,0.15,1.07,0.3,53.33,1.37,44.44,0.46,0.46,1.07,2.13
81,L. Selberg,Piteå,"RB, LCB, RCB",21.0,16,587,Sweden,Sweden,10.27,51.61,1.23,37.5,0.16,0.31,5.57,0.46,0.0,31.58,66.5,17.17,60.71,1.84,24.84,5.98,18.49,0.0,0.0,0.0,50.0,1.53,30.0,0.61,0.31,0.46,9.66
82,T. Almqvist,Vittsjö,"LW, AMF, LAMF",25.0,9,583,Sweden,Sweden,7.87,48.48,1.54,30.0,0.19,0.0,3.51,1.39,0.0,33.19,80.47,6.64,67.44,9.73,31.03,1.23,16.9,0.11,0.93,0.31,73.68,1.39,33.33,0.93,0.46,0.31,3.55
83,M. Gejl,Häcken,"AMF, RW, LAMF",22.0,10,582,Denmark,Denmark,6.49,65.71,0.93,50.0,0.22,0.0,4.03,0.62,0.0,36.49,82.63,7.27,63.83,11.29,35.72,0.46,13.69,0.08,1.08,0.15,64.29,1.08,42.86,0.77,1.08,0.15,3.4
84,D. Zomers,Häcken,"LAMF, LW",19.0,14,571,Iceland,Iceland,10.56,64.29,5.83,51.35,0.0,0.0,7.44,0.79,0.0,29.63,68.62,6.94,61.36,7.25,26.16,0.79,17.38,0.13,1.26,0.47,60.0,2.36,33.33,0.16,1.42,0.47,4.73
85,H. Bennison,Everton,"RW, LCMF, LW",19.0,13,570,Sweden,Sweden,5.21,61.9,1.42,22.22,0.66,0.0,3.75,0.16,0.32,34.26,80.65,8.05,76.47,8.05,32.05,0.95,15.26,0.26,1.89,1.42,69.23,3.32,57.14,1.89,2.53,0.63,4.42
86,K. Plummer,AIK,RCB,24.0,6,567,Jamaica,Jamaica,15.08,74.36,4.29,37.04,0.34,0.79,10.79,0.79,0.0,31.59,72.36,13.65,50.0,3.97,24.29,7.14,22.06,0.0,0.0,0.0,42.42,0.79,20.0,0.79,0.16,0.16,7.62
87,H. Kollanen,KIF Örebro,"LAMF, LW, AMF",24.0,9,556,Finland,Finland,7.45,58.7,1.46,0.0,0.0,0.16,3.63,0.32,0.0,34.32,68.87,10.2,41.27,10.52,28.97,3.24,16.83,0.1,0.81,0.32,37.93,3.4,28.57,2.59,0.49,0.97,5.18
88,S. Redenstrand,KIF Örebro,"LWB, LB",20.0,16,541,Sweden,Sweden,7.15,43.24,1.16,57.14,0.0,0.33,5.16,0.67,0.17,28.78,76.3,10.65,67.19,6.49,25.12,2.0,18.24,0.17,1.0,0.17,60.71,1.5,55.56,0.33,0.17,0.5,6.16
